time,meterusage
1/1/2019 0:15,55.09
1/1/2019 0:30,54.64
1/1/2019 0:45,55.18
1/1/2019 1:00,56.03
1/1/2019 1:15,55.77
1/1/2019 1:30,55.45
1/1/2019 1:45,55.74
1/1/2019 2:00,55.8
1/1/2019 2:15,55.62
1/1/2019 2:30,55.45
1/1/2019 2:45,55.52
1/1/2019 3:00,56
1/1/2019 3:15,55.88
1/1/2019 3:30,59.57
1/1/2019 3:45,62.9
1/1/2019 4:00,62.54
1/1/2019 4:15,62.18
1/1/2019 4:30,62.86
1/1/2019 4:45,62.73
1/1/2019 5:00,62.84
1/1/2019 5:15,63.52
1/1/2019 5:30,78.1
1/1/2019 5:45,108.79
1/1/2019 6:00,111.19
1/1/2019 6:15,118.67
1/1/2019 6:30,135.37
1/1/2019 6:45,142.55
1/1/2019 7:00,145.97
1/1/2019 7:15,141.31
1/1/2019 7:30,133.58
1/1/2019 7:45,131.19
1/1/2019 8:00,133.22
1/1/2019 8:15,135.18
1/1/2019 8:30,134.71
1/1/2019 8:45,134.07
1/1/2019 9:00,134.11
1/1/2019 9:15,137.63
1/1/2019 9:30,134.85
1/1/2019 9:45,137.01
1/1/2019 10:00,134.23
1/1/2019 10:15,135.59
1/1/2019 10:30,136.59
1/1/2019 10:45,134.23
1/1/2019 11:00,134.19
1/1/2019 11:15,137.59
1/1/2019 11:30,137.03
1/1/2019 11:45,137.12
1/1/2019 12:00,135.45
1/1/2019 12:15,132.78
1/1/2019 12:30,134.73
1/1/2019 12:45,135.4
1/1/2019 13:00,135.3
1/1/2019 13:15,132.93
1/1/2019 13:30,133.68
1/1/2019 13:45,135.07
1/1/2019 14:00,132.15
1/1/2019 14:15,131.06
1/1/2019 14:30,134
1/1/2019 14:45,132.56
1/1/2019 15:00,131.19
1/1/2019 15:15,130.33
1/1/2019 15:30,130.77
1/1/2019 15:45,131.64
1/1/2019 16:00,135.8
1/1/2019 16:15,134.58
1/1/2019 16:30,131.9
1/1/2019 16:45,130.41
1/1/2019 17:00,133.33
1/1/2019 17:15,138.18
1/1/2019 17:30,129.98
1/1/2019 17:45,116.3
1/1/2019 18:00,108.53
1/1/2019 18:15,107.82
1/1/2019 18:30,107.84
1/1/2019 18:45,106.18
1/1/2019 19:00,106.75
1/1/2019 19:15,108.4
1/1/2019 19:30,105.72
1/1/2019 19:45,105.95
1/1/2019 20:00,93.74
1/1/2019 20:15,87.41
1/1/2019 20:30,87.36
1/1/2019 20:45,94.94
1/1/2019 21:00,132.83
1/1/2019 21:15,110.53
1/1/2019 21:30,84.24
1/1/2019 21:45,80.86
1/1/2019 22:00,70.35
1/1/2019 22:15,59.63
1/1/2019 22:30,55.18
1/1/2019 22:45,54.47
1/1/2019 23:00,55.08
1/1/2019 23:15,55.11
1/1/2019 23:30,55.19
1/1/2019 23:45,55.56
1/2/2019 0:00,55.87
1/2/2019 0:15,55.67
1/2/2019 0:30,55.43
1/2/2019 0:45,56.03
1/2/2019 1:00,56.63
1/2/2019 1:15,57.51
1/2/2019 1:30,57.68
1/2/2019 1:45,57.91
1/2/2019 2:00,57.71
1/2/2019 2:15,58.32
1/2/2019 2:30,58.37
1/2/2019 2:45,58.27
1/2/2019 3:00,58.68
1/2/2019 3:15,58.2
1/2/2019 3:30,63.06
1/2/2019 3:45,67.94
1/2/2019 4:00,68.69
1/2/2019 4:15,67.62
1/2/2019 4:30,67.4
1/2/2019 4:45,68.45
1/2/2019 5:00,73.29
1/2/2019 5:15,78.36
1/2/2019 5:30,102.68
1/2/2019 5:45,162.75
1/2/2019 6:00,164.7
1/2/2019 6:15,151.26
1/2/2019 6:30,156.94
1/2/2019 6:45,173.5
1/2/2019 7:00,180.35
1/2/2019 7:15,182.95
1/2/2019 7:30,199.31
1/2/2019 7:45,221.18
1/2/2019 8:00,233.64
1/2/2019 8:15,239.33
1/2/2019 8:30,252.93
1/2/2019 8:45,260.4
1/2/2019 9:00,262.83
1/2/2019 9:15,261.67
1/2/2019 9:30,263.98
1/2/2019 9:45,263.55
1/2/2019 10:00,261.75
1/2/2019 10:15,269.27
1/2/2019 10:30,270.87
1/2/2019 10:45,268.86
1/2/2019 11:00,264.86
1/2/2019 11:15,261.57
1/2/2019 11:30,259.88
1/2/2019 11:45,254.46
1/2/2019 12:00,259.45
1/2/2019 12:15,262.77
1/2/2019 12:30,258.37
1/2/2019 12:45,260.17
1/2/2019 13:00,258.99
1/2/2019 13:15,255.46
1/2/2019 13:30,253.93
1/2/2019 13:45,252.2
1/2/2019 14:00,246.99
1/2/2019 14:15,247.32
1/2/2019 14:30,248.06
1/2/2019 14:45,243.94
1/2/2019 15:00,245.46
1/2/2019 15:15,246.22
1/2/2019 15:30,241.72
1/2/2019 15:45,239.55
1/2/2019 16:00,240.96
1/2/2019 16:15,238.41
1/2/2019 16:30,228.85
1/2/2019 16:45,227.15
1/2/2019 17:00,232.01
1/2/2019 17:15,227.23
1/2/2019 17:30,206.15
1/2/2019 17:45,179.32
1/2/2019 18:00,155.34
1/2/2019 18:15,138.3
1/2/2019 18:30,131.47
1/2/2019 18:45,136.15
1/2/2019 19:00,178.71
1/2/2019 19:15,161.46
1/2/2019 19:30,133.63
1/2/2019 19:45,126.96
1/2/2019 20:00,123.07
1/2/2019 20:15,121.82
1/2/2019 20:30,144.74
1/2/2019 20:45,164.83
1/2/2019 21:00,133.33
1/2/2019 21:15,114.83
1/2/2019 21:30,114.96
1/2/2019 21:45,104.22
1/2/2019 22:00,73.33
1/2/2019 22:15,54.19
1/2/2019 22:30,50.14
1/2/2019 22:45,49.76
1/2/2019 23:00,49.61
1/2/2019 23:15,47.23
1/2/2019 23:30,46
1/2/2019 23:45,45.97
1/3/2019 0:00,47.21
1/3/2019 0:15,46.31
1/3/2019 0:30,45.89
1/3/2019 0:45,45.65
1/3/2019 1:00,45.67
1/3/2019 1:15,45.6
1/3/2019 1:30,46.05
1/3/2019 1:45,45.81
1/3/2019 2:00,45.95
1/3/2019 2:15,45.83
1/3/2019 2:30,46.39
1/3/2019 2:45,46.37
1/3/2019 3:00,46.95
1/3/2019 3:15,49.31
1/3/2019 3:30,53.73
1/3/2019 3:45,55.59
1/3/2019 4:00,55.25
1/3/2019 4:15,54.98
1/3/2019 4:30,56.06
1/3/2019 4:45,57.09
1/3/2019 5:00,64.27
1/3/2019 5:15,70.64
1/3/2019 5:30,88.99
1/3/2019 5:45,155.41
1/3/2019 6:00,164.39
1/3/2019 6:15,150.47
1/3/2019 6:30,158.98
1/3/2019 6:45,172.92
1/3/2019 7:00,181.79
1/3/2019 7:15,189.5
1/3/2019 7:30,195.76
1/3/2019 7:45,205.16
1/3/2019 8:00,231.49
1/3/2019 8:15,250.49
1/3/2019 8:30,256.03
1/3/2019 8:45,258.4
1/3/2019 9:00,267.27
1/3/2019 9:15,273.07
1/3/2019 9:30,267.84
1/3/2019 9:45,261.48
1/3/2019 10:00,263.39
1/3/2019 10:15,264.72
1/3/2019 10:30,263.46
1/3/2019 10:45,264.56
1/3/2019 11:00,263.55
1/3/2019 11:15,263.1
1/3/2019 11:30,265.25
1/3/2019 11:45,265.59
1/3/2019 12:00,265.68
1/3/2019 12:15,264.32
1/3/2019 12:30,260.82
1/3/2019 12:45,261.22
1/3/2019 13:00,263.24
1/3/2019 13:15,260.08
1/3/2019 13:30,258.11
1/3/2019 13:45,260.59
1/3/2019 14:00,253.08
1/3/2019 14:15,251.16
1/3/2019 14:30,259.1
1/3/2019 14:45,254.54
1/3/2019 15:00,251.82
1/3/2019 15:15,253.56
1/3/2019 15:30,253.18
1/3/2019 15:45,257.56
1/3/2019 16:00,262.13
1/3/2019 16:15,262.23
1/3/2019 16:30,257.28
1/3/2019 16:45,252.99
1/3/2019 17:00,245.17
1/3/2019 17:15,235.12
1/3/2019 17:30,223.06
1/3/2019 17:45,193.12
1/3/2019 18:00,159.52
1/3/2019 18:15,143.66
1/3/2019 18:30,139.23
1/3/2019 18:45,139.3
1/3/2019 19:00,180.57
1/3/2019 19:15,165.82
1/3/2019 19:30,137.87
1/3/2019 19:45,131.21
1/3/2019 20:00,128.58
1/3/2019 20:15,125.86
1/3/2019 20:30,150.92
1/3/2019 20:45,170.36
1/3/2019 21:00,137.06
1/3/2019 21:15,118.39
1/3/2019 21:30,118.26
1/3/2019 21:45,112.38
1/3/2019 22:00,86.3
1/3/2019 22:15,62.42
1/3/2019 22:30,55.45
1/3/2019 22:45,55.34
1/3/2019 23:00,55.41
1/3/2019 23:15,54.6
1/3/2019 23:30,52.21
1/3/2019 23:45,51.12
1/4/2019 0:00,51
1/4/2019 0:15,51.14
1/4/2019 0:30,51.24
1/4/2019 0:45,51
1/4/2019 1:00,51.26
1/4/2019 1:15,51.03
1/4/2019 1:30,51.12
1/4/2019 1:45,51.62
1/4/2019 2:00,51.54
1/4/2019 2:15,50.97
1/4/2019 2:30,51.04
1/4/2019 2:45,51.52
1/4/2019 3:00,50.9
1/4/2019 3:15,50.87
1/4/2019 3:30,57.31
1/4/2019 3:45,61.89
1/4/2019 4:00,61.53
1/4/2019 4:15,60.81
1/4/2019 4:30,60.93
1/4/2019 4:45,63.75
1/4/2019 5:00,70.27
1/4/2019 5:15,76.92
1/4/2019 5:30,95.87
1/4/2019 5:45,162.85
1/4/2019 6:00,176.84
1/4/2019 6:15,163.81
1/4/2019 6:30,172.73
1/4/2019 6:45,186.77
1/4/2019 7:00,192.65
1/4/2019 7:15,192.82
1/4/2019 7:30,205.1
1/4/2019 7:45,210.87
1/4/2019 8:00,227.76
1/4/2019 8:15,245.31
1/4/2019 8:30,258.4
1/4/2019 8:45,268.22
1/4/2019 9:00,272.19
1/4/2019 9:15,277.17
1/4/2019 9:30,276.54
1/4/2019 9:45,270.7
1/4/2019 10:00,267.36
1/4/2019 10:15,265.28
1/4/2019 10:30,263.8
1/4/2019 10:45,263.57
1/4/2019 11:00,268.59
1/4/2019 11:15,263.67
1/4/2019 11:30,263.56
1/4/2019 11:45,261.91
1/4/2019 12:00,263.11
1/4/2019 12:15,264.24
1/4/2019 12:30,263.83
1/4/2019 12:45,265
1/4/2019 13:00,267.16
1/4/2019 13:15,265.1
1/4/2019 13:30,258.13
1/4/2019 13:45,258.01
1/4/2019 14:00,260.45
1/4/2019 14:15,258.21
1/4/2019 14:30,257.12
1/4/2019 14:45,255.66
1/4/2019 15:00,254.7
1/4/2019 15:15,251.72
1/4/2019 15:30,251.06
1/4/2019 15:45,251.52
1/4/2019 16:00,249.5
1/4/2019 16:15,247.9
1/4/2019 16:30,247.5
1/4/2019 16:45,248.18
1/4/2019 17:00,245.88
1/4/2019 17:15,231.12
1/4/2019 17:30,213.68
1/4/2019 17:45,185.15
1/4/2019 18:00,157.01
1/4/2019 18:15,141.02
1/4/2019 18:30,129.7
1/4/2019 18:45,126.52
1/4/2019 19:00,170.75
1/4/2019 19:15,160.57
1/4/2019 19:30,128.24
1/4/2019 19:45,119.3
1/4/2019 20:00,120.32
1/4/2019 20:15,120.03
1/4/2019 20:30,141.45
1/4/2019 20:45,163.09
1/4/2019 21:00,131.79
1/4/2019 21:15,113.61
1/4/2019 21:30,108.31
1/4/2019 21:45,93.54
1/4/2019 22:00,73.68
1/4/2019 22:15,60.13
1/4/2019 22:30,56.19
1/4/2019 22:45,55.02
1/4/2019 23:00,52.93
1/4/2019 23:15,49.87
1/4/2019 23:30,48.65
1/4/2019 23:45,49.08
1/5/2019 0:00,49.79
1/5/2019 0:15,49.76
1/5/2019 0:30,49.19
1/5/2019 0:45,49.66
1/5/2019 1:00,48.87
1/5/2019 1:15,48.85
1/5/2019 1:30,48.9
1/5/2019 1:45,49.38
1/5/2019 2:00,49.34
1/5/2019 2:15,49.25
1/5/2019 2:30,48.77
1/5/2019 2:45,47.94
1/5/2019 3:00,47.34
1/5/2019 3:15,48.19
1/5/2019 3:30,49.3
1/5/2019 3:45,48.84
1/5/2019 4:00,47.69
1/5/2019 4:15,47.41
1/5/2019 4:30,47.35
1/5/2019 4:45,48.44
1/5/2019 5:00,48.34
1/5/2019 5:15,47.58
1/5/2019 5:30,47.21
1/5/2019 5:45,47.77
1/5/2019 6:00,47.86
1/5/2019 6:15,47.74
1/5/2019 6:30,49.16
1/5/2019 6:45,52.63
1/5/2019 7:00,52.78
1/5/2019 7:15,51.83
1/5/2019 7:30,51.57
1/5/2019 7:45,52.6
1/5/2019 8:00,52.27
1/5/2019 8:15,51.63
1/5/2019 8:30,51.06
1/5/2019 8:45,51.26
1/5/2019 9:00,53.98
1/5/2019 9:15,56.37
1/5/2019 9:30,56.96
1/5/2019 9:45,56.03
1/5/2019 10:00,55.69
1/5/2019 10:15,55.53
1/5/2019 10:30,56.22
1/5/2019 10:45,56.9
1/5/2019 11:00,56.21
1/5/2019 11:15,55.69
1/5/2019 11:30,55.73
1/5/2019 11:45,55.91
1/5/2019 12:00,56.16
1/5/2019 12:15,55.68
1/5/2019 12:30,55.56
1/5/2019 12:45,56.71
1/5/2019 13:00,57.28
1/5/2019 13:15,57.08
1/5/2019 13:30,55.88
1/5/2019 13:45,56.64
1/5/2019 14:00,56.76
1/5/2019 14:15,56.51
1/5/2019 14:30,56.15
1/5/2019 14:45,55.35
1/5/2019 15:00,55.21
1/5/2019 15:15,55.8
1/5/2019 15:30,56.28
1/5/2019 15:45,56.21
1/5/2019 16:00,55.48
1/5/2019 16:15,54.41
1/5/2019 16:30,52.52
1/5/2019 16:45,52
1/5/2019 17:00,52.63
1/5/2019 17:15,51.88
1/5/2019 17:30,51.94
1/5/2019 17:45,52.37
1/5/2019 18:00,53.38
1/5/2019 18:15,52.53
1/5/2019 18:30,51.59
1/5/2019 18:45,52.39
1/5/2019 19:00,52.65
1/5/2019 19:15,53.13
1/5/2019 19:30,52.46
1/5/2019 19:45,50.58
1/5/2019 20:00,48.78
1/5/2019 20:15,47.5
1/5/2019 20:30,47.34
1/5/2019 20:45,47.32
1/5/2019 21:00,47.65
1/5/2019 21:15,47.66
1/5/2019 21:30,47.49
1/5/2019 21:45,47.74
1/5/2019 22:00,47.98
1/5/2019 22:15,48.1
1/5/2019 22:30,48.2
1/5/2019 22:45,48.45
1/5/2019 23:00,47.74
1/5/2019 23:15,47.32
1/5/2019 23:30,47.76
1/5/2019 23:45,48.41
1/6/2019 0:00,48.38
1/6/2019 0:15,48.06
1/6/2019 0:30,47.65
1/6/2019 0:45,47.74
1/6/2019 1:00,48.29
1/6/2019 1:15,47.43
1/6/2019 1:30,48.36
1/6/2019 1:45,48.51
1/6/2019 2:00,48.59
1/6/2019 2:15,47.71
1/6/2019 2:30,47.81
1/6/2019 2:45,49.5
1/6/2019 3:00,48.6
1/6/2019 3:15,47.99
1/6/2019 3:30,48.48
1/6/2019 3:45,48.69
1/6/2019 4:00,48.13
1/6/2019 4:15,47.46
1/6/2019 4:30,48.58
1/6/2019 4:45,48.94
1/6/2019 5:00,47.7
1/6/2019 5:15,47.73
1/6/2019 5:30,47.76
1/6/2019 5:45,47.2
1/6/2019 6:00,47.66
1/6/2019 6:15,48
1/6/2019 6:30,50.16
1/6/2019 6:45,51.99
1/6/2019 7:00,52.37
1/6/2019 7:15,52.07
1/6/2019 7:30,51.43
1/6/2019 7:45,52.85
1/6/2019 8:00,52.74
1/6/2019 8:15,52.59
1/6/2019 8:30,51.7
1/6/2019 8:45,51.75
1/6/2019 9:00,52.45
1/6/2019 9:15,52.46
1/6/2019 9:30,52.3
1/6/2019 9:45,52.29
1/6/2019 10:00,52.35
1/6/2019 10:15,52.02
1/6/2019 10:30,52.51
1/6/2019 10:45,52.62
1/6/2019 11:00,52.63
1/6/2019 11:15,51.79
1/6/2019 11:30,51.17
1/6/2019 11:45,51.99
1/6/2019 12:00,52.45
1/6/2019 12:15,51.9
1/6/2019 12:30,51.77
1/6/2019 12:45,51.67
1/6/2019 13:00,52.3
1/6/2019 13:15,52.18
1/6/2019 13:30,51.36
1/6/2019 13:45,51.83
1/6/2019 14:00,53.21
1/6/2019 14:15,52.47
1/6/2019 14:30,52.95
1/6/2019 14:45,52.72
1/6/2019 15:00,52.08
1/6/2019 15:15,51.94
1/6/2019 15:30,51.82
1/6/2019 15:45,52.4
1/6/2019 16:00,52.48
1/6/2019 16:15,51.77
1/6/2019 16:30,51.68
1/6/2019 16:45,55.03
1/6/2019 17:00,58.16
1/6/2019 17:15,59.27
1/6/2019 17:30,59.48
1/6/2019 17:45,59.71
1/6/2019 18:00,74.3
1/6/2019 18:15,102.52
1/6/2019 18:30,79.25
1/6/2019 18:45,62.36
1/6/2019 19:00,62.82
1/6/2019 19:15,62.82
1/6/2019 19:30,62.13
1/6/2019 19:45,80.56
1/6/2019 20:00,98.94
1/6/2019 20:15,73.94
1/6/2019 20:30,58.6
1/6/2019 20:45,58.22
1/6/2019 21:00,58.23
1/6/2019 21:15,58.19
1/6/2019 21:30,57.89
1/6/2019 21:45,59.67
1/6/2019 22:00,97.49
1/6/2019 22:15,85.23
1/6/2019 22:30,61.61
1/6/2019 22:45,57.78
1/6/2019 23:00,58.05
1/6/2019 23:15,59.08
1/6/2019 23:30,59.01
1/6/2019 23:45,76.5
1/7/2019 0:00,114.57
1/7/2019 0:15,101.21
1/7/2019 0:30,86.93
1/7/2019 0:45,87.25
1/7/2019 1:00,90.81
1/7/2019 1:15,90.65
1/7/2019 1:30,88.37
1/7/2019 1:45,87.9
1/7/2019 2:00,88.15
1/7/2019 2:15,92.22
1/7/2019 2:30,106.64
1/7/2019 2:45,122.8
1/7/2019 3:00,129.82
1/7/2019 3:15,129.72
1/7/2019 3:30,121.94
1/7/2019 3:45,117.31
1/7/2019 4:00,115.86
1/7/2019 4:15,119.02
1/7/2019 4:30,121.38
1/7/2019 4:45,126.98
1/7/2019 5:00,137.04
1/7/2019 5:15,143.52
1/7/2019 5:30,142.11
1/7/2019 5:45,136.33
1/7/2019 6:00,134.09
1/7/2019 6:15,145.11
1/7/2019 6:30,165.99
1/7/2019 6:45,179.89
1/7/2019 7:00,184.94
1/7/2019 7:15,199.91
1/7/2019 7:30,213.54
1/7/2019 7:45,221.92
1/7/2019 8:00,237.86
1/7/2019 8:15,254.82
1/7/2019 8:30,269.9
1/7/2019 8:45,279.72
1/7/2019 9:00,287.69
1/7/2019 9:15,289
1/7/2019 9:30,289.86
1/7/2019 9:45,297.14
1/7/2019 10:00,294.14
1/7/2019 10:15,291.09
1/7/2019 10:30,292.31
1/7/2019 10:45,289.24
1/7/2019 11:00,288.58
1/7/2019 11:15,289.96
1/7/2019 11:30,287.53
1/7/2019 11:45,280.38
1/7/2019 12:00,284.64
1/7/2019 12:15,289.27
1/7/2019 12:30,289.8
1/7/2019 12:45,286.93
1/7/2019 13:00,284.35
1/7/2019 13:15,283.39
1/7/2019 13:30,281.86
1/7/2019 13:45,280.16
1/7/2019 14:00,276.45
1/7/2019 14:15,275.11
1/7/2019 14:30,273.65
1/7/2019 14:45,273.16
1/7/2019 15:00,270.59
1/7/2019 15:15,264.28
1/7/2019 15:30,262.1
1/7/2019 15:45,265.41
1/7/2019 16:00,267.28
1/7/2019 16:15,259
1/7/2019 16:30,251.72
1/7/2019 16:45,253.86
1/7/2019 17:00,253.17
1/7/2019 17:15,248.13
1/7/2019 17:30,237.64
1/7/2019 17:45,222.29
1/7/2019 18:00,193.24
1/7/2019 18:15,174.39
1/7/2019 18:30,165.36
1/7/2019 18:45,163.35
1/7/2019 19:00,200.95
1/7/2019 19:15,196.17
1/7/2019 19:30,161.01
1/7/2019 19:45,149.13
1/7/2019 20:00,143.72
1/7/2019 20:15,139.83
1/7/2019 20:30,138.94
1/7/2019 20:45,174.8
1/7/2019 21:00,176.2
1/7/2019 21:15,144.65
1/7/2019 21:30,129.86
1/7/2019 21:45,114.51
1/7/2019 22:00,91.91
1/7/2019 22:15,77.94
1/7/2019 22:30,73.94
1/7/2019 22:45,74.75
1/7/2019 23:00,72.92
1/7/2019 23:15,62.31
1/7/2019 23:30,57.52
1/7/2019 23:45,57.58
1/8/2019 0:00,57.84
1/8/2019 0:15,57.96
1/8/2019 0:30,58.58
1/8/2019 0:45,59.01
1/8/2019 1:00,58.43
1/8/2019 1:15,58.25
1/8/2019 1:30,58.35
1/8/2019 1:45,58.17
1/8/2019 2:00,58.59
1/8/2019 2:15,58.69
1/8/2019 2:30,58.58
1/8/2019 2:45,59.31
1/8/2019 3:00,59.38
1/8/2019 3:15,61.34
1/8/2019 3:30,66.77
1/8/2019 3:45,69.58
1/8/2019 4:00,70.08
1/8/2019 4:15,70.13
1/8/2019 4:30,69.03
1/8/2019 4:45,68.98
1/8/2019 5:00,69.97
1/8/2019 5:15,77.74
1/8/2019 5:30,97.22
1/8/2019 5:45,123.46
1/8/2019 6:00,125.72
1/8/2019 6:15,141.27
1/8/2019 6:30,176.54
1/8/2019 6:45,196.21
1/8/2019 7:00,202.9
1/8/2019 7:15,207.56
1/8/2019 7:30,212.77
1/8/2019 7:45,227.75
1/8/2019 8:00,245.27
1/8/2019 8:15,259.21
1/8/2019 8:30,268.61
1/8/2019 8:45,273.96
1/8/2019 9:00,277.93
1/8/2019 9:15,283.89
1/8/2019 9:30,288.82
1/8/2019 9:45,294.07
1/8/2019 10:00,293.67
1/8/2019 10:15,296.7
1/8/2019 10:30,294
1/8/2019 10:45,286.83
1/8/2019 11:00,289.73
1/8/2019 11:15,281.44
1/8/2019 11:30,273.71
1/8/2019 11:45,272.48
1/8/2019 12:00,278.69
1/8/2019 12:15,284.05
1/8/2019 12:30,282.67
1/8/2019 12:45,282.2
1/8/2019 13:00,281.26
1/8/2019 13:15,276.54
1/8/2019 13:30,274.81
1/8/2019 13:45,275.2
1/8/2019 14:00,276.1
1/8/2019 14:15,271.88
1/8/2019 14:30,270.7
1/8/2019 14:45,266.01
1/8/2019 15:00,267.16
1/8/2019 15:15,265.21
1/8/2019 15:30,263.43
1/8/2019 15:45,260.34
1/8/2019 16:00,259.4
1/8/2019 16:15,257.83
1/8/2019 16:30,259.8
1/8/2019 16:45,260.87
1/8/2019 17:00,257.63
1/8/2019 17:15,250.55
1/8/2019 17:30,234.69
1/8/2019 17:45,210.15
1/8/2019 18:00,187.08
1/8/2019 18:15,172.02
1/8/2019 18:30,159.64
1/8/2019 18:45,151.99
1/8/2019 19:00,178.31
1/8/2019 19:15,179.69
1/8/2019 19:30,148.09
1/8/2019 19:45,134.17
1/8/2019 20:00,131
1/8/2019 20:15,127.55
1/8/2019 20:30,125
1/8/2019 20:45,128.44
1/8/2019 21:00,162.69
1/8/2019 21:15,142.04
1/8/2019 21:30,118.86
1/8/2019 21:45,105.72
1/8/2019 22:00,79
1/8/2019 22:15,60.82
1/8/2019 22:30,56.35
1/8/2019 22:45,55.78
1/8/2019 23:00,55.68
1/8/2019 23:15,53.04
1/8/2019 23:30,50.44
1/8/2019 23:45,51.01
1/9/2019 0:00,50.83
1/9/2019 0:15,50.86
1/9/2019 0:30,51.99
1/9/2019 0:45,52.31
1/9/2019 1:00,52.45
1/9/2019 1:15,52.24
1/9/2019 1:30,53.15
1/9/2019 1:45,53.94
1/9/2019 2:00,54.24
1/9/2019 2:15,53.8
1/9/2019 2:30,53.26
1/9/2019 2:45,54.15
1/9/2019 3:00,53.75
1/9/2019 3:15,55.35
1/9/2019 3:30,60.79
1/9/2019 3:45,64.06
1/9/2019 4:00,64.44
1/9/2019 4:15,64.29
1/9/2019 4:30,65.13
1/9/2019 4:45,67.27
1/9/2019 5:00,70.67
1/9/2019 5:15,77.13
1/9/2019 5:30,97.66
1/9/2019 5:45,142.59
1/9/2019 6:00,166.84
1/9/2019 6:15,158.23
1/9/2019 6:30,162.71
1/9/2019 6:45,185.75
1/9/2019 7:00,203.18
1/9/2019 7:15,204.17
1/9/2019 7:30,228.92
1/9/2019 7:45,236.78
1/9/2019 8:00,235.63
1/9/2019 8:15,248.38
1/9/2019 8:30,263.56
1/9/2019 8:45,269.91
1/9/2019 9:00,278.73
1/9/2019 9:15,283.85
1/9/2019 9:30,281.92
1/9/2019 9:45,280.27
1/9/2019 10:00,275.54
1/9/2019 10:15,270.32
1/9/2019 10:30,266.46
1/9/2019 10:45,271.74
1/9/2019 11:00,274.86
1/9/2019 11:15,268.8
1/9/2019 11:30,264.79
1/9/2019 11:45,261.55
1/9/2019 12:00,263.56
1/9/2019 12:15,258.85
1/9/2019 12:30,260.11
1/9/2019 12:45,259.27
1/9/2019 13:00,256.87
1/9/2019 13:15,249.75
1/9/2019 13:30,245.33
1/9/2019 13:45,248.77
1/9/2019 14:00,250.83
1/9/2019 14:15,252.49
1/9/2019 14:30,245.92
1/9/2019 14:45,248.68
1/9/2019 15:00,249.26
1/9/2019 15:15,246.87
1/9/2019 15:30,244.87
1/9/2019 15:45,250.64
1/9/2019 16:00,254.41
1/9/2019 16:15,254.42
1/9/2019 16:30,253.56
1/9/2019 16:45,251.26
1/9/2019 17:00,244.85
1/9/2019 17:15,243.98
1/9/2019 17:30,232.33
1/9/2019 17:45,203.82
1/9/2019 18:00,178.25
1/9/2019 18:15,163.22
1/9/2019 18:30,157.92
1/9/2019 18:45,155.78
1/9/2019 19:00,189.76
1/9/2019 19:15,188.14
1/9/2019 19:30,154.64
1/9/2019 19:45,142.19
1/9/2019 20:00,139.49
1/9/2019 20:15,136.47
1/9/2019 20:30,135.4
1/9/2019 20:45,137.27
1/9/2019 21:00,177.64
1/9/2019 21:15,157
1/9/2019 21:30,132.54
1/9/2019 21:45,140.61
1/9/2019 22:00,109.34
1/9/2019 22:15,77.55
1/9/2019 22:30,69.33
1/9/2019 22:45,62.15
1/9/2019 23:00,57.86
1/9/2019 23:15,56.81
1/9/2019 23:30,54.35
1/9/2019 23:45,52.93
1/10/2019 0:00,53.39
1/10/2019 0:15,53.74
1/10/2019 0:30,53.48
1/10/2019 0:45,53.41
1/10/2019 1:00,53.88
1/10/2019 1:15,54.17
1/10/2019 1:30,53.98
1/10/2019 1:45,54.1
1/10/2019 2:00,54.09
1/10/2019 2:15,53.95
1/10/2019 2:30,54.2
1/10/2019 2:45,53.99
1/10/2019 3:00,53.8
1/10/2019 3:15,54.27
1/10/2019 3:30,60.71
1/10/2019 3:45,65
1/10/2019 4:00,65.93
1/10/2019 4:15,68.22
1/10/2019 4:30,69.94
1/10/2019 4:45,69.87
1/10/2019 5:00,78.17
1/10/2019 5:15,89.13
1/10/2019 5:30,105.89
1/10/2019 5:45,159.91
1/10/2019 6:00,178.18
1/10/2019 6:15,169.97
1/10/2019 6:30,166.66
1/10/2019 6:45,184.43
1/10/2019 7:00,204.64
1/10/2019 7:15,218.27
1/10/2019 7:30,228.78
1/10/2019 7:45,233.93
1/10/2019 8:00,241.26
1/10/2019 8:15,248.76
1/10/2019 8:30,259.52
1/10/2019 8:45,269.86
1/10/2019 9:00,276.55
1/10/2019 9:15,278.68
1/10/2019 9:30,279.2
1/10/2019 9:45,280.49
1/10/2019 10:00,284.6
1/10/2019 10:15,279.84
1/10/2019 10:30,276.88
1/10/2019 10:45,279.71
1/10/2019 11:00,285.47
1/10/2019 11:15,277.56
1/10/2019 11:30,276.03
1/10/2019 11:45,278.13
1/10/2019 12:00,281.54
1/10/2019 12:15,282.36
1/10/2019 12:30,280.99
1/10/2019 12:45,271.87
1/10/2019 13:00,270.33
1/10/2019 13:15,273.11
1/10/2019 13:30,272.19
1/10/2019 13:45,270.65
1/10/2019 14:00,274.07
1/10/2019 14:15,270.42
1/10/2019 14:30,265.49
1/10/2019 14:45,266.59
1/10/2019 15:00,267.94
1/10/2019 15:15,263.32
1/10/2019 15:30,262.26
1/10/2019 15:45,264.68
1/10/2019 16:00,264.62
1/10/2019 16:15,263.44
1/10/2019 16:30,259.64
1/10/2019 16:45,255.29
1/10/2019 17:00,252.34
1/10/2019 17:15,248.64
1/10/2019 17:30,230.88
1/10/2019 17:45,203.91
1/10/2019 18:00,176.06
1/10/2019 18:15,161.12
1/10/2019 18:30,153.39
1/10/2019 18:45,149.52
1/10/2019 19:00,168.16
1/10/2019 19:15,198.11
1/10/2019 19:30,166.69
1/10/2019 19:45,147.73
1/10/2019 20:00,148.01
1/10/2019 20:15,143.23
1/10/2019 20:30,141.38
1/10/2019 20:45,166.32
1/10/2019 21:00,182.33
1/10/2019 21:15,150.71
1/10/2019 21:30,131.15
1/10/2019 21:45,113.48
1/10/2019 22:00,87.3
1/10/2019 22:15,72.74
1/10/2019 22:30,68.57
1/10/2019 22:45,68.04
1/10/2019 23:00,66.08
1/10/2019 23:15,57.3
1/10/2019 23:30,52.8
1/10/2019 23:45,52.67
1/11/2019 0:00,53.39
1/11/2019 0:15,54.01
1/11/2019 0:30,53.68
1/11/2019 0:45,53.37
1/11/2019 1:00,53.18
1/11/2019 1:15,53.33
1/11/2019 1:30,53.82
1/11/2019 1:45,53.86
1/11/2019 2:00,53.39
1/11/2019 2:15,52.83
1/11/2019 2:30,53.54
1/11/2019 2:45,53.76
1/11/2019 3:00,53.24
1/11/2019 3:15,52.99
1/11/2019 3:30,56.11
1/11/2019 3:45,61.65
1/11/2019 4:00,64.12
1/11/2019 4:15,63.72
1/11/2019 4:30,64.99
1/11/2019 4:45,67.16
1/11/2019 5:00,70.31
1/11/2019 5:15,78.37
1/11/2019 5:30,93.45
1/11/2019 5:45,159.88
1/11/2019 6:00,171.92
1/11/2019 6:15,151.91
1/11/2019 6:30,161.41
1/11/2019 6:45,194.94
1/11/2019 7:00,211.12
1/11/2019 7:15,212.4
1/11/2019 7:30,222.62
1/11/2019 7:45,229.63
1/11/2019 8:00,232.02
1/11/2019 8:15,247.14
1/11/2019 8:30,256.96
1/11/2019 8:45,268.67
1/11/2019 9:00,280.36
1/11/2019 9:15,283.89
1/11/2019 9:30,287.51
1/11/2019 9:45,288.04
1/11/2019 10:00,286.05
1/11/2019 10:15,289.63
1/11/2019 10:30,287.19
1/11/2019 10:45,280.42
1/11/2019 11:00,281.38
1/11/2019 11:15,282.68
1/11/2019 11:30,275.42
1/11/2019 11:45,273.39
1/11/2019 12:00,282.5
1/11/2019 12:15,287.21
1/11/2019 12:30,285.73
1/11/2019 12:45,274.93
1/11/2019 13:00,270.54
1/11/2019 13:15,269.25
1/11/2019 13:30,269.93
1/11/2019 13:45,272.24
1/11/2019 14:00,272.66
1/11/2019 14:15,267.8
1/11/2019 14:30,262.91
1/11/2019 14:45,261.93
1/11/2019 15:00,263.69
1/11/2019 15:15,267.18
1/11/2019 15:30,267.6
1/11/2019 15:45,262.58
1/11/2019 16:00,257.27
1/11/2019 16:15,252.62
1/11/2019 16:30,247.78
1/11/2019 16:45,246.6
1/11/2019 17:00,241.74
1/11/2019 17:15,236.71
1/11/2019 17:30,214.06
1/11/2019 17:45,184.44
1/11/2019 18:00,160.84
1/11/2019 18:15,148.52
1/11/2019 18:30,147.66
1/11/2019 18:45,144.1
1/11/2019 19:00,165.98
1/11/2019 19:15,177.64
1/11/2019 19:30,138.36
1/11/2019 19:45,118.61
1/11/2019 20:00,117.91
1/11/2019 20:15,117.17
1/11/2019 20:30,116.57
1/11/2019 20:45,115.6
1/11/2019 21:00,140.04
1/11/2019 21:15,150.53
1/11/2019 21:30,122.84
1/11/2019 21:45,108.27
1/11/2019 22:00,89.22
1/11/2019 22:15,63.66
1/11/2019 22:30,54.26
1/11/2019 22:45,54.26
1/11/2019 23:00,52.08
1/11/2019 23:15,49.25
1/11/2019 23:30,48.15
1/11/2019 23:45,48.47
1/12/2019 0:00,49.21
1/12/2019 0:15,49.71
1/12/2019 0:30,48.72
1/12/2019 0:45,48.17
1/12/2019 1:00,48.22
1/12/2019 1:15,48.52
1/12/2019 1:30,48.25
1/12/2019 1:45,48.48
1/12/2019 2:00,48.2
1/12/2019 2:15,48.51
1/12/2019 2:30,48.71
1/12/2019 2:45,48.86
1/12/2019 3:00,48.7
1/12/2019 3:15,49.33
1/12/2019 3:30,48.73
1/12/2019 3:45,48.85
1/12/2019 4:00,48.65
1/12/2019 4:15,49.59
1/12/2019 4:30,50.19
1/12/2019 4:45,49.26
1/12/2019 5:00,48.75
1/12/2019 5:15,48.07
1/12/2019 5:30,49
1/12/2019 5:45,49.4
1/12/2019 6:00,48.58
1/12/2019 6:15,48.35
1/12/2019 6:30,50.86
1/12/2019 6:45,53.66
1/12/2019 7:00,54.58
1/12/2019 7:15,53.41
1/12/2019 7:30,53.48
1/12/2019 7:45,54.24
1/12/2019 8:00,53.22
1/12/2019 8:15,52.66
1/12/2019 8:30,53.8
1/12/2019 8:45,54.02
1/12/2019 9:00,53.33
1/12/2019 9:15,53.31
1/12/2019 9:30,53.63
1/12/2019 9:45,53.19
1/12/2019 10:00,53.25
1/12/2019 10:15,53.73
1/12/2019 10:30,53.86
1/12/2019 10:45,53.39
1/12/2019 11:00,52.94
1/12/2019 11:15,54.11
1/12/2019 11:30,55.03
1/12/2019 11:45,54.08
1/12/2019 12:00,52.64
1/12/2019 12:15,53.29
1/12/2019 12:30,54.22
1/12/2019 12:45,53.67
1/12/2019 13:00,54.39
1/12/2019 13:15,54.13
1/12/2019 13:30,53.45
1/12/2019 13:45,52.97
1/12/2019 14:00,53.23
1/12/2019 14:15,53.55
1/12/2019 14:30,53.43
1/12/2019 14:45,52.5
1/12/2019 15:00,53.5
1/12/2019 15:15,54.47
1/12/2019 15:30,54.41
1/12/2019 15:45,53.6
1/12/2019 16:00,53.18
1/12/2019 16:15,53.82
1/12/2019 16:30,53.79
1/12/2019 16:45,53.49
1/12/2019 17:00,53.14
1/12/2019 17:15,53.68
1/12/2019 17:30,54.12
1/12/2019 17:45,53.02
1/12/2019 18:00,52.98
1/12/2019 18:15,54.24
1/12/2019 18:30,54.34
1/12/2019 18:45,53.15
1/12/2019 19:00,52.54
1/12/2019 19:15,53.63
1/12/2019 19:30,54.92
1/12/2019 19:45,51.46
1/12/2019 20:00,48.3
1/12/2019 20:15,49.29
1/12/2019 20:30,49.59
1/12/2019 20:45,49.2
1/12/2019 21:00,49.05
1/12/2019 21:15,49.02
1/12/2019 21:30,49.5
1/12/2019 21:45,49.43
1/12/2019 22:00,48.45
1/12/2019 22:15,48.69
1/12/2019 22:30,49.87
1/12/2019 22:45,49.57
1/12/2019 23:00,48.76
1/12/2019 23:15,48.61
1/12/2019 23:30,49.36
1/12/2019 23:45,49.35
1/13/2019 0:00,49.34
1/13/2019 0:15,48.99
1/13/2019 0:30,49.24
1/13/2019 0:45,49.89
1/13/2019 1:00,49.85
1/13/2019 1:15,48.44
1/13/2019 1:30,48.85
1/13/2019 1:45,49.56
1/13/2019 2:00,49.52
1/13/2019 2:15,49.25
1/13/2019 2:30,48.83
1/13/2019 2:45,50.44
1/13/2019 3:00,50.57
1/13/2019 3:15,49.57
1/13/2019 3:30,48.69
1/13/2019 3:45,48.48
1/13/2019 4:00,49.32
1/13/2019 4:15,49.71
1/13/2019 4:30,48.65
1/13/2019 4:45,49.41
1/13/2019 5:00,49.53
1/13/2019 5:15,48.97
1/13/2019 5:30,48.64
1/13/2019 5:45,48.41
1/13/2019 6:00,49.21
1/13/2019 6:15,49.42
1/13/2019 6:30,50.22
1/13/2019 6:45,52.81
1/13/2019 7:00,54.47
1/13/2019 7:15,53.78
1/13/2019 7:30,53.12
1/13/2019 7:45,53.45
1/13/2019 8:00,53.95
1/13/2019 8:15,54.51
1/13/2019 8:30,53.46
1/13/2019 8:45,53
1/13/2019 9:00,53.14
1/13/2019 9:15,53.76
1/13/2019 9:30,54.19
1/13/2019 9:45,53.42
1/13/2019 10:00,52.9
1/13/2019 10:15,53.27
1/13/2019 10:30,52.64
1/13/2019 10:45,53.8
1/13/2019 11:00,54.95
1/13/2019 11:15,53.28
1/13/2019 11:30,53.34
1/13/2019 11:45,53.6
1/13/2019 12:00,52.75
1/13/2019 12:15,53.18
1/13/2019 12:30,53.48
1/13/2019 12:45,52.99
1/13/2019 13:00,53.27
1/13/2019 13:15,53.63
1/13/2019 13:30,53.19
1/13/2019 13:45,53.25
1/13/2019 14:00,54.28
1/13/2019 14:15,53.89
1/13/2019 14:30,53.19
1/13/2019 14:45,54.08
1/13/2019 15:00,53.65
1/13/2019 15:15,52.44
1/13/2019 15:30,53.3
1/13/2019 15:45,54.08
1/13/2019 16:00,53
1/13/2019 16:15,53.06
1/13/2019 16:30,53.05
1/13/2019 16:45,53.58
1/13/2019 17:00,53.92
1/13/2019 17:15,53.65
1/13/2019 17:30,53.01
1/13/2019 17:45,54.75
1/13/2019 18:00,71.03
1/13/2019 18:15,92.43
1/13/2019 18:30,91.24
1/13/2019 18:45,71.8
1/13/2019 19:00,64.25
1/13/2019 19:15,63.79
1/13/2019 19:30,63.87
1/13/2019 19:45,61.97
1/13/2019 20:00,60.16
1/13/2019 20:15,65.09
1/13/2019 20:30,100.42
1/13/2019 20:45,82.73
1/13/2019 21:00,61.66
1/13/2019 21:15,59.56
1/13/2019 21:30,58.99
1/13/2019 21:45,59.26
1/13/2019 22:00,58.97
1/13/2019 22:15,59.08
1/13/2019 22:30,87.72
1/13/2019 22:45,91.85
1/13/2019 23:00,68.87
1/13/2019 23:15,59.53
1/13/2019 23:30,59.54
1/13/2019 23:45,60.01
1/14/2019 0:00,61.9
1/14/2019 0:15,75.43
1/14/2019 0:30,126.33
1/14/2019 0:45,106.3
1/14/2019 1:00,70.88
1/14/2019 1:15,63.52
1/14/2019 1:30,63.64
1/14/2019 1:45,100.75
1/14/2019 2:00,127
1/14/2019 2:15,90.89
1/14/2019 2:30,66.73
1/14/2019 2:45,71.27
1/14/2019 3:00,78.78
1/14/2019 3:15,147.41
1/14/2019 3:30,170.48
1/14/2019 3:45,121.57
1/14/2019 4:00,88.3
1/14/2019 4:15,82.27
1/14/2019 4:30,85.22
1/14/2019 4:45,154.89
1/14/2019 5:00,162.11
1/14/2019 5:15,121.52
1/14/2019 5:30,100.83
1/14/2019 5:45,95.7
1/14/2019 6:00,101.68
1/14/2019 6:15,175.07
1/14/2019 6:30,196.03
1/14/2019 6:45,170.2
1/14/2019 7:00,152.92
1/14/2019 7:15,158.82
1/14/2019 7:30,186.49
1/14/2019 7:45,271.57
1/14/2019 8:00,273.71
1/14/2019 8:15,238.9
1/14/2019 8:30,226.47
1/14/2019 8:45,230.69
1/14/2019 9:00,259.15
1/14/2019 9:15,340.23
1/14/2019 9:30,323.39
1/14/2019 9:45,280.2
1/14/2019 10:00,280.9
1/14/2019 10:15,285.4
1/14/2019 10:30,292.05
1/14/2019 10:45,294.16
1/14/2019 11:00,294.34
1/14/2019 11:15,291.89
1/14/2019 11:30,289.45
1/14/2019 11:45,282.89
1/14/2019 12:00,289.2
1/14/2019 12:15,287.42
1/14/2019 12:30,284.43
1/14/2019 12:45,284.65
1/14/2019 13:00,280.98
1/14/2019 13:15,273.89
1/14/2019 13:30,272.16
1/14/2019 13:45,275.46
1/14/2019 14:00,275.31
1/14/2019 14:15,272.36
1/14/2019 14:30,269.61
1/14/2019 14:45,271.48
1/14/2019 15:00,277.42
1/14/2019 15:15,277.41
1/14/2019 15:30,269.53
1/14/2019 15:45,264.34
1/14/2019 16:00,260.05
1/14/2019 16:15,262.34
1/14/2019 16:30,256.71
1/14/2019 16:45,254.67
1/14/2019 17:00,258.05
1/14/2019 17:15,256.52
1/14/2019 17:30,241.38
1/14/2019 17:45,213.55
1/14/2019 18:00,183.82
1/14/2019 18:15,169.39
1/14/2019 18:30,160.69
1/14/2019 18:45,153.86
1/14/2019 19:00,193.33
1/14/2019 19:15,187.24
1/14/2019 19:30,155.7
1/14/2019 19:45,144.53
1/14/2019 20:00,141.35
1/14/2019 20:15,140.48
1/14/2019 20:30,138.89
1/14/2019 20:45,152.16
1/14/2019 21:00,182.7
1/14/2019 21:15,153.6
1/14/2019 21:30,131.15
1/14/2019 21:45,129.21
1/14/2019 22:00,103.62
1/14/2019 22:15,78.17
1/14/2019 22:30,71.09
1/14/2019 22:45,70.06
1/14/2019 23:00,69.82
1/14/2019 23:15,70.02
1/14/2019 23:30,61.47
1/14/2019 23:45,55.27
1/15/2019 0:00,54.54
1/15/2019 0:15,54.82
1/15/2019 0:30,54.91
1/15/2019 0:45,55
1/15/2019 1:00,55.07
1/15/2019 1:15,54.91
1/15/2019 1:30,54.66
1/15/2019 1:45,53.88
1/15/2019 2:00,54.74
1/15/2019 2:15,55.79
1/15/2019 2:30,54.88
1/15/2019 2:45,54.4
1/15/2019 3:00,55
1/15/2019 3:15,56.21
1/15/2019 3:30,59.69
1/15/2019 3:45,64.37
1/15/2019 4:00,65.5
1/15/2019 4:15,65.86
1/15/2019 4:30,68.28
1/15/2019 4:45,70.01
1/15/2019 5:00,70.07
1/15/2019 5:15,72.13
1/15/2019 5:30,95.49
1/15/2019 5:45,147.89
1/15/2019 6:00,162.35
1/15/2019 6:15,149.55
1/15/2019 6:30,159.08
1/15/2019 6:45,187.77
1/15/2019 7:00,205.31
1/15/2019 7:15,219.19
1/15/2019 7:30,233.12
1/15/2019 7:45,239.54
1/15/2019 8:00,246.52
1/15/2019 8:15,265.06
1/15/2019 8:30,279.51
1/15/2019 8:45,288
1/15/2019 9:00,297.83
1/15/2019 9:15,294.19
1/15/2019 9:30,289.18
1/15/2019 9:45,288.63
1/15/2019 10:00,290.67
1/15/2019 10:15,284.48
1/15/2019 10:30,282.41
1/15/2019 10:45,286.96
1/15/2019 11:00,283.89
1/15/2019 11:15,286.48
1/15/2019 11:30,279.65
1/15/2019 11:45,277.07
1/15/2019 12:00,281.54
1/15/2019 12:15,276.39
1/15/2019 12:30,273.45
1/15/2019 12:45,273.89
1/15/2019 13:00,275.28
1/15/2019 13:15,274.85
1/15/2019 13:30,278.44
1/15/2019 13:45,277.78
1/15/2019 14:00,275.04
1/15/2019 14:15,271.71
1/15/2019 14:30,273.13
1/15/2019 14:45,272.54
1/15/2019 15:00,270.46
1/15/2019 15:15,266.62
1/15/2019 15:30,265.52
1/15/2019 15:45,264.26
1/15/2019 16:00,262.23
1/15/2019 16:15,265.27
1/15/2019 16:30,264.89
1/15/2019 16:45,260.06
1/15/2019 17:00,254.59
1/15/2019 17:15,248.06
1/15/2019 17:30,235.34
1/15/2019 17:45,206.4
1/15/2019 18:00,177.32
1/15/2019 18:15,165.16
1/15/2019 18:30,160.3
1/15/2019 18:45,155.58
1/15/2019 19:00,157.81
1/15/2019 19:15,197.99
1/15/2019 19:30,179.1
1/15/2019 19:45,153.69
1/15/2019 20:00,147.25
1/15/2019 20:15,143.86
1/15/2019 20:30,142.62
1/15/2019 20:45,139.37
1/15/2019 21:00,146.6
1/15/2019 21:15,177.91
1/15/2019 21:30,151.44
1/15/2019 21:45,129.4
1/15/2019 22:00,114.2
1/15/2019 22:15,84.11
1/15/2019 22:30,65.03
1/15/2019 22:45,61.82
1/15/2019 23:00,61.91
1/15/2019 23:15,61.8
1/15/2019 23:30,54.96
1/15/2019 23:45,49.22
1/16/2019 0:00,47.83
1/16/2019 0:15,47.83
1/16/2019 0:30,47.53
1/16/2019 0:45,47.28
1/16/2019 1:00,47.54
1/16/2019 1:15,47.77
1/16/2019 1:30,47.73
1/16/2019 1:45,47.43
1/16/2019 2:00,48.01
1/16/2019 2:15,47.83
1/16/2019 2:30,48.24
1/16/2019 2:45,48.22
1/16/2019 3:00,47.83
1/16/2019 3:15,47.79
1/16/2019 3:30,52.27
1/16/2019 3:45,55.94
1/16/2019 4:00,56.53
1/16/2019 4:15,59.3
1/16/2019 4:30,60.15
1/16/2019 4:45,59.84
1/16/2019 5:00,60.78
1/16/2019 5:15,65.23
1/16/2019 5:30,84.81
1/16/2019 5:45,108.48
1/16/2019 6:00,113.18
1/16/2019 6:15,130.2
1/16/2019 6:30,160.25
1/16/2019 6:45,178.21
1/16/2019 7:00,182.68
1/16/2019 7:15,197.29
1/16/2019 7:30,211.97
1/16/2019 7:45,221.06
1/16/2019 8:00,237.28
1/16/2019 8:15,247.51
1/16/2019 8:30,257.38
1/16/2019 8:45,263.73
1/16/2019 9:00,267.21
1/16/2019 9:15,265.87
1/16/2019 9:30,265.33
1/16/2019 9:45,266.77
1/16/2019 10:00,272.99
1/16/2019 10:15,281.03
1/16/2019 10:30,279.67
1/16/2019 10:45,278.6
1/16/2019 11:00,279.47
1/16/2019 11:15,275.09
1/16/2019 11:30,267.29
1/16/2019 11:45,261.99
1/16/2019 12:00,270.26
1/16/2019 12:15,272.01
1/16/2019 12:30,269.64
1/16/2019 12:45,269.76
1/16/2019 13:00,269.83
1/16/2019 13:15,270.84
1/16/2019 13:30,267.72
1/16/2019 13:45,269.99
1/16/2019 14:00,268.55
1/16/2019 14:15,267.67
1/16/2019 14:30,267.41
1/16/2019 14:45,265.42
1/16/2019 15:00,259.75
1/16/2019 15:15,257.4
1/16/2019 15:30,257.85
1/16/2019 15:45,262.24
1/16/2019 16:00,264.86
1/16/2019 16:15,265.52
1/16/2019 16:30,256.76
1/16/2019 16:45,256.2
1/16/2019 17:00,254.88
1/16/2019 17:15,251.84
1/16/2019 17:30,233.25
1/16/2019 17:45,200.3
1/16/2019 18:00,169.2
1/16/2019 18:15,152.7
1/16/2019 18:30,147.94
1/16/2019 18:45,149.29
1/16/2019 19:00,154.24
1/16/2019 19:15,189.65
1/16/2019 19:30,169.24
1/16/2019 19:45,141.26
1/16/2019 20:00,135.34
1/16/2019 20:15,133.66
1/16/2019 20:30,132.04
1/16/2019 20:45,130.27
1/16/2019 21:00,140.18
1/16/2019 21:15,169.49
1/16/2019 21:30,144.67
1/16/2019 21:45,124.51
1/16/2019 22:00,99.75
1/16/2019 22:15,68.94
1/16/2019 22:30,58.33
1/16/2019 22:45,57.66
1/16/2019 23:00,57.83
1/16/2019 23:15,56.9
1/16/2019 23:30,53.45
1/16/2019 23:45,52.48
1/17/2019 0:00,51.89
1/17/2019 0:15,51.55
1/17/2019 0:30,51.4
1/17/2019 0:45,51.56
1/17/2019 1:00,52.21
1/17/2019 1:15,51.71
1/17/2019 1:30,51.53
1/17/2019 1:45,51.45
1/17/2019 2:00,51.95
1/17/2019 2:15,52.71
1/17/2019 2:30,53.95
1/17/2019 2:45,NaN
1/17/2019 3:00,55.03
1/17/2019 3:15,57.02
1/17/2019 3:30,63.26
1/17/2019 3:45,65.94
1/17/2019 4:00,64.57
1/17/2019 4:15,63.54
1/17/2019 4:30,63.11
1/17/2019 4:45,63.3
1/17/2019 5:00,66.8
1/17/2019 5:15,69.58
1/17/2019 5:30,86.64
1/17/2019 5:45,136.96
1/17/2019 6:00,159.44
1/17/2019 6:15,154.16
1/17/2019 6:30,165.78
1/17/2019 6:45,185.9
1/17/2019 7:00,200.97
1/17/2019 7:15,207.28
1/17/2019 7:30,230.33
1/17/2019 7:45,248.25
1/17/2019 8:00,252.78
1/17/2019 8:15,260.82
1/17/2019 8:30,266
1/17/2019 8:45,273.47
1/17/2019 9:00,282.97
1/17/2019 9:15,291.7
1/17/2019 9:30,290.98
1/17/2019 9:45,285.72
1/17/2019 10:00,292.32
1/17/2019 10:15,293.18
1/17/2019 10:30,288.14
1/17/2019 10:45,288.54
1/17/2019 11:00,289.78
1/17/2019 11:15,292.53
1/17/2019 11:30,292.73
1/17/2019 11:45,288.15
1/17/2019 12:00,292.68
1/17/2019 12:15,293.36
1/17/2019 12:30,289.98
1/17/2019 12:45,285.88
1/17/2019 13:00,286.59
1/17/2019 13:15,283.19
1/17/2019 13:30,279.27
1/17/2019 13:45,277.59
1/17/2019 14:00,277.5
1/17/2019 14:15,277.68
1/17/2019 14:30,275.27
1/17/2019 14:45,270.4
1/17/2019 15:00,272.02
1/17/2019 15:15,274.64
1/17/2019 15:30,278.38
1/17/2019 15:45,276.05
1/17/2019 16:00,277.2
1/17/2019 16:15,276.6
1/17/2019 16:30,270.38
1/17/2019 16:45,265.95
1/17/2019 17:00,265.62
1/17/2019 17:15,264.69
1/17/2019 17:30,251.79
1/17/2019 17:45,227.1
1/17/2019 18:00,195.35
1/17/2019 18:15,177.11
1/17/2019 18:30,164.38
1/17/2019 18:45,152.05
1/17/2019 19:00,149.23
1/17/2019 19:15,187.83
1/17/2019 19:30,175.15
1/17/2019 19:45,144.8
1/17/2019 20:00,136.06
1/17/2019 20:15,131.49
1/17/2019 20:30,127.87
1/17/2019 20:45,125.92
1/17/2019 21:00,128.31
1/17/2019 21:15,165.9
1/17/2019 21:30,146.98
1/17/2019 21:45,123.4
1/17/2019 22:00,97.51
1/17/2019 22:15,67.42
1/17/2019 22:30,57.15
1/17/2019 22:45,55.41
1/17/2019 23:00,53.88
1/17/2019 23:15,51.7
1/17/2019 23:30,50.87
1/17/2019 23:45,50.4
1/18/2019 0:00,50.36
1/18/2019 0:15,50.45
1/18/2019 0:30,49.99
1/18/2019 0:45,50.43
1/18/2019 1:00,50.4
1/18/2019 1:15,50.12
1/18/2019 1:30,49.62
1/18/2019 1:45,50.03
1/18/2019 2:00,50.49
1/18/2019 2:15,50.81
1/18/2019 2:30,50.93
1/18/2019 2:45,50.49
1/18/2019 3:00,51.15
1/18/2019 3:15,54.3
1/18/2019 3:30,59.24
1/18/2019 3:45,62.08
1/18/2019 4:00,66.35
1/18/2019 4:15,67.27
1/18/2019 4:30,66.44
1/18/2019 4:45,69.52
1/18/2019 5:00,76.84
1/18/2019 5:15,81.79
1/18/2019 5:30,99.35
1/18/2019 5:45,168.38
1/18/2019 6:00,169.54
1/18/2019 6:15,147.56
1/18/2019 6:30,158.41
1/18/2019 6:45,189.02
1/18/2019 7:00,205.22
1/18/2019 7:15,214.43
1/18/2019 7:30,220.53
1/18/2019 7:45,232.88
1/18/2019 8:00,235.11
1/18/2019 8:15,246.49
1/18/2019 8:30,261
1/18/2019 8:45,275.28
1/18/2019 9:00,285.41
1/18/2019 9:15,288.59
1/18/2019 9:30,288.03
1/18/2019 9:45,284.61
1/18/2019 10:00,281.98
1/18/2019 10:15,286.25
1/18/2019 10:30,280.19
1/18/2019 10:45,278.57
1/18/2019 11:00,285.88
1/18/2019 11:15,286.93
1/18/2019 11:30,285.18
1/18/2019 11:45,280.37
1/18/2019 12:00,286.97
1/18/2019 12:15,285.8
1/18/2019 12:30,280.33
1/18/2019 12:45,279.63
1/18/2019 13:00,282.26
1/18/2019 13:15,282.26
1/18/2019 13:30,279.38
1/18/2019 13:45,280.9
1/18/2019 14:00,284.5
1/18/2019 14:15,281.35
1/18/2019 14:30,275.32
1/18/2019 14:45,273.27
1/18/2019 15:00,276.85
1/18/2019 15:15,274.54
1/18/2019 15:30,269.81
1/18/2019 15:45,269.52
1/18/2019 16:00,271.54
1/18/2019 16:15,265.39
1/18/2019 16:30,259.49
1/18/2019 16:45,256.16
1/18/2019 17:00,252.82
1/18/2019 17:15,249.57
1/18/2019 17:30,233.89
1/18/2019 17:45,206.87
1/18/2019 18:00,191.28
1/18/2019 18:15,176.59
1/18/2019 18:30,160.67
1/18/2019 18:45,153.04
1/18/2019 19:00,149.25
1/18/2019 19:15,171.29
1/18/2019 19:30,181.43
1/18/2019 19:45,149.75
1/18/2019 20:00,141.39
1/18/2019 20:15,143.74
1/18/2019 20:30,135.25
1/18/2019 20:45,131.28
1/18/2019 21:00,127.31
1/18/2019 21:15,128.75
1/18/2019 21:30,170.16
1/18/2019 21:45,149.37
1/18/2019 22:00,95.38
1/18/2019 22:15,72.09
1/18/2019 22:30,67.23
1/18/2019 22:45,66.55
1/18/2019 23:00,67.38
1/18/2019 23:15,58.25
1/18/2019 23:30,52.85
1/18/2019 23:45,51.85
1/19/2019 0:00,51.67
1/19/2019 0:15,51.73
1/19/2019 0:30,51.65
1/19/2019 0:45,51.83
1/19/2019 1:00,51.66
1/19/2019 1:15,51.77
1/19/2019 1:30,51.41
1/19/2019 1:45,51.3
1/19/2019 2:00,52.27
1/19/2019 2:15,52.06
1/19/2019 2:30,51.63
1/19/2019 2:45,51.32
1/19/2019 3:00,52.03
1/19/2019 3:15,52.31
1/19/2019 3:30,52.3
1/19/2019 3:45,51.96
1/19/2019 4:00,51.39
1/19/2019 4:15,50.93
1/19/2019 4:30,51.15
1/19/2019 4:45,51.21
1/19/2019 5:00,51.05
1/19/2019 5:15,51.53
1/19/2019 5:30,51.14
1/19/2019 5:45,51.21
1/19/2019 6:00,51.09
1/19/2019 6:15,50.88
1/19/2019 6:30,52.85
1/19/2019 6:45,54.87
1/19/2019 7:00,56.44
1/19/2019 7:15,55.82
1/19/2019 7:30,55.41
1/19/2019 7:45,55.44
1/19/2019 8:00,55.69
1/19/2019 8:15,55.98
1/19/2019 8:30,55.6
1/19/2019 8:45,55.44
1/19/2019 9:00,55.77
1/19/2019 9:15,55.75
1/19/2019 9:30,55.42
1/19/2019 9:45,54.59
1/19/2019 10:00,54.94
1/19/2019 10:15,54.92
1/19/2019 10:30,55.25
1/19/2019 10:45,55.34
1/19/2019 11:00,55.23
1/19/2019 11:15,55.87
1/19/2019 11:30,55.83
1/19/2019 11:45,54.91
1/19/2019 12:00,55.51
1/19/2019 12:15,55.67
1/19/2019 12:30,55.38
1/19/2019 12:45,55.54
1/19/2019 13:00,55.41
1/19/2019 13:15,54.74
1/19/2019 13:30,54.72
1/19/2019 13:45,55.16
1/19/2019 14:00,54.84
1/19/2019 14:15,55.42
1/19/2019 14:30,54.95
1/19/2019 14:45,54.78
1/19/2019 15:00,54.82
1/19/2019 15:15,54.83
1/19/2019 15:30,55.43
1/19/2019 15:45,56.34
1/19/2019 16:00,55.94
1/19/2019 16:15,55.45
1/19/2019 16:30,55.26
1/19/2019 16:45,55.21
1/19/2019 17:00,55.51
1/19/2019 17:15,55.61
1/19/2019 17:30,56.21
1/19/2019 17:45,55.62
1/19/2019 18:00,55.42
1/19/2019 18:15,55.97
1/19/2019 18:30,55.67
1/19/2019 18:45,55.88
1/19/2019 19:00,55.81
1/19/2019 19:15,55.24
1/19/2019 19:30,55.62
1/19/2019 19:45,53.99
1/19/2019 20:00,51.57
1/19/2019 20:15,51.06
1/19/2019 20:30,51.29
1/19/2019 20:45,51.34
1/19/2019 21:00,51.36
1/19/2019 21:15,51.13
1/19/2019 21:30,51.07
1/19/2019 21:45,51.06
1/19/2019 22:00,51.21
1/19/2019 22:15,50.93
1/19/2019 22:30,51.14
1/19/2019 22:45,50.91
1/19/2019 23:00,51.45
1/19/2019 23:15,51.31
1/19/2019 23:30,51.82
1/19/2019 23:45,51.47
1/20/2019 0:00,51.69
1/20/2019 0:15,50.96
1/20/2019 0:30,50.8
1/20/2019 0:45,51.08
1/20/2019 1:00,50.96
1/20/2019 1:15,50.66
1/20/2019 1:30,51.26
1/20/2019 1:45,51.29
1/20/2019 2:00,51.05
1/20/2019 2:15,51.32
1/20/2019 2:30,52.11
1/20/2019 2:45,52.23
1/20/2019 3:00,51.96
1/20/2019 3:15,51.66
1/20/2019 3:30,51.49
1/20/2019 3:45,51.79
1/20/2019 4:00,51.34
1/20/2019 4:15,51.09
1/20/2019 4:30,51.78
1/20/2019 4:45,51.79
1/20/2019 5:00,51.35
1/20/2019 5:15,50.96
1/20/2019 5:30,51.85
1/20/2019 5:45,51.85
1/20/2019 6:00,51.14
1/20/2019 6:15,50.96
1/20/2019 6:30,52.98
1/20/2019 6:45,55.4
1/20/2019 7:00,55.44
1/20/2019 7:15,55.09
1/20/2019 7:30,55.55
1/20/2019 7:45,55.47
1/20/2019 8:00,55.43
1/20/2019 8:15,56.07
1/20/2019 8:30,55.77
1/20/2019 8:45,55.43
1/20/2019 9:00,55.32
1/20/2019 9:15,54.97
1/20/2019 9:30,55.49
1/20/2019 9:45,55.24
1/20/2019 10:00,54.91
1/20/2019 10:15,55.13
1/20/2019 10:30,55.41
1/20/2019 10:45,55.32
1/20/2019 11:00,55
1/20/2019 11:15,55.09
1/20/2019 11:30,56.28
1/20/2019 11:45,58.7
1/20/2019 12:00,59.22
1/20/2019 12:15,59.04
1/20/2019 12:30,59.24
1/20/2019 12:45,59.61
1/20/2019 13:00,58.96
1/20/2019 13:15,58.67
1/20/2019 13:30,59.64
1/20/2019 13:45,59.25
1/20/2019 14:00,58.86
1/20/2019 14:15,58.5
1/20/2019 14:30,59.12
1/20/2019 14:45,58.82
1/20/2019 15:00,58.92
1/20/2019 15:15,58.81
1/20/2019 15:30,58.66
1/20/2019 15:45,59.77
1/20/2019 16:00,63.01
1/20/2019 16:15,64.08
1/20/2019 16:30,63.46
1/20/2019 16:45,65.13
1/20/2019 17:00,66.45
1/20/2019 17:15,65.88
1/20/2019 17:30,65.45
1/20/2019 17:45,63.95
1/20/2019 18:00,82.33
1/20/2019 18:15,124.11
1/20/2019 18:30,97.38
1/20/2019 18:45,67.39
1/20/2019 19:00,63.16
1/20/2019 19:15,63.03
1/20/2019 19:30,62.89
1/20/2019 19:45,61.22
1/20/2019 20:00,59.4
1/20/2019 20:15,70.61
1/20/2019 20:30,98.92
1/20/2019 20:45,76.57
1/20/2019 21:00,59.25
1/20/2019 21:15,58.59
1/20/2019 21:30,58.31
1/20/2019 21:45,58.43
1/20/2019 22:00,58.67
1/20/2019 22:15,58.61
1/20/2019 22:30,77.63
1/20/2019 22:45,105.43
1/20/2019 23:00,77.3
1/20/2019 23:15,58.57
1/20/2019 23:30,59.3
1/20/2019 23:45,59.19
1/21/2019 0:00,60.75
1/21/2019 0:15,94.78
1/21/2019 0:30,121.41
1/21/2019 0:45,93.19
1/21/2019 1:00,73.03
1/21/2019 1:15,72.92
1/21/2019 1:30,80.48
1/21/2019 1:45,155.51
1/21/2019 2:00,152.56
1/21/2019 2:15,110.58
1/21/2019 2:30,100.2
1/21/2019 2:45,104.87
1/21/2019 3:00,115.02
1/21/2019 3:15,123.28
1/21/2019 3:30,125.62
1/21/2019 3:45,99.36
1/21/2019 4:00,85.26
1/21/2019 4:15,85.55
1/21/2019 4:30,87.79
1/21/2019 4:45,88.08
1/21/2019 5:00,88.13
1/21/2019 5:15,89.7
1/21/2019 5:30,96.12
1/21/2019 5:45,99.33
1/21/2019 6:00,98.65
1/21/2019 6:15,105.1
1/21/2019 6:30,124.29
1/21/2019 6:45,146.13
1/21/2019 7:00,156.34
1/21/2019 7:15,157.93
1/21/2019 7:30,165.93
1/21/2019 7:45,185.7
1/21/2019 8:00,204.47
1/21/2019 8:15,220.95
1/21/2019 8:30,226.22
1/21/2019 8:45,237.78
1/21/2019 9:00,254.07
1/21/2019 9:15,257.98
1/21/2019 9:30,256.93
1/21/2019 9:45,265.34
1/21/2019 10:00,321.77
1/21/2019 10:15,355.44
1/21/2019 10:30,306.54
1/21/2019 10:45,278.54
1/21/2019 11:00,284.13
1/21/2019 11:15,290.92
1/21/2019 11:30,288.08
1/21/2019 11:45,283.36
1/21/2019 12:00,288.55
1/21/2019 12:15,286.54
1/21/2019 12:30,284.01
1/21/2019 12:45,285.06
1/21/2019 13:00,283.57
1/21/2019 13:15,277
1/21/2019 13:30,274.93
1/21/2019 13:45,272.92
1/21/2019 14:00,273.91
1/21/2019 14:15,273.84
1/21/2019 14:30,276.45
1/21/2019 14:45,274.86
1/21/2019 15:00,272.43
1/21/2019 15:15,270.17
1/21/2019 15:30,272.75
1/21/2019 15:45,274.22
1/21/2019 16:00,273.75
1/21/2019 16:15,269.44
1/21/2019 16:30,270.92
1/21/2019 16:45,272.91
1/21/2019 17:00,276.11
1/21/2019 17:15,271.79
1/21/2019 17:30,250
1/21/2019 17:45,217.89
1/21/2019 18:00,184.99
1/21/2019 18:15,171.44
1/21/2019 18:30,168.28
1/21/2019 18:45,163.02
1/21/2019 19:00,176.57
1/21/2019 19:15,197.92
1/21/2019 19:30,167.11
1/21/2019 19:45,146.45
1/21/2019 20:00,142.72
1/21/2019 20:15,138.46
1/21/2019 20:30,136.98
1/21/2019 20:45,135.85
1/21/2019 21:00,130.24
1/21/2019 21:15,149.21
1/21/2019 21:30,161.88
1/21/2019 21:45,121.52
1/21/2019 22:00,85.83
1/21/2019 22:15,74.33
1/21/2019 22:30,66.58
1/21/2019 22:45,60.39
1/21/2019 23:00,57.98
1/21/2019 23:15,55.15
1/21/2019 23:30,54.25
1/21/2019 23:45,54.57
1/22/2019 0:00,55.49
1/22/2019 0:15,55.1
1/22/2019 0:30,54.71
1/22/2019 0:45,54.54
1/22/2019 1:00,54.39
1/22/2019 1:15,54.28
1/22/2019 1:30,54.89
1/22/2019 1:45,55.83
1/22/2019 2:00,54.93
1/22/2019 2:15,57.52
1/22/2019 2:30,58.8
1/22/2019 2:45,59.03
1/22/2019 3:00,59.34
1/22/2019 3:15,63.75
1/22/2019 3:30,69.42
1/22/2019 3:45,70.93
1/22/2019 4:00,70.94
1/22/2019 4:15,70.41
1/22/2019 4:30,77.69
1/22/2019 4:45,82.73
1/22/2019 5:00,83.51
1/22/2019 5:15,86.95
1/22/2019 5:30,102.93
1/22/2019 5:45,165.65
1/22/2019 6:00,181.12
1/22/2019 6:15,154.21
1/22/2019 6:30,155.32
1/22/2019 6:45,183.06
1/22/2019 7:00,200.51
1/22/2019 7:15,214.96
1/22/2019 7:30,235.39
1/22/2019 7:45,250.2
1/22/2019 8:00,261.31
1/22/2019 8:15,266.66
1/22/2019 8:30,275.15
1/22/2019 8:45,283.85
1/22/2019 9:00,290.81
1/22/2019 9:15,288.22
1/22/2019 9:30,291.55
1/22/2019 9:45,293.75
1/22/2019 10:00,294.55
1/22/2019 10:15,289.15
1/22/2019 10:30,284.85
1/22/2019 10:45,286.08
1/22/2019 11:00,287.43
1/22/2019 11:15,287.69
1/22/2019 11:30,282.2
1/22/2019 11:45,281.94
1/22/2019 12:00,290.69
1/22/2019 12:15,294.08
1/22/2019 12:30,293.2
1/22/2019 12:45,291.99
1/22/2019 13:00,289.21
1/22/2019 13:15,282.19
1/22/2019 13:30,281.28
1/22/2019 13:45,281.43
1/22/2019 14:00,284.04
1/22/2019 14:15,282.74
1/22/2019 14:30,282.84
1/22/2019 14:45,281.04
1/22/2019 15:00,278.8
1/22/2019 15:15,275.16
1/22/2019 15:30,272.28
1/22/2019 15:45,273.11
1/22/2019 16:00,276.32
1/22/2019 16:15,272.5
1/22/2019 16:30,269.27
1/22/2019 16:45,265.17
1/22/2019 17:00,261.55
1/22/2019 17:15,257.78
1/22/2019 17:30,234.95
1/22/2019 17:45,206.31
1/22/2019 18:00,188.56
1/22/2019 18:15,171.19
1/22/2019 18:30,162.64
1/22/2019 18:45,157.22
1/22/2019 19:00,160.42
1/22/2019 19:15,192.26
1/22/2019 19:30,164.04
1/22/2019 19:45,138.27
1/22/2019 20:00,135.43
1/22/2019 20:15,132.52
1/22/2019 20:30,128.94
1/22/2019 20:45,126.75
1/22/2019 21:00,124.78
1/22/2019 21:15,160.05
1/22/2019 21:30,151.65
1/22/2019 21:45,123.72
1/22/2019 22:00,90.33
1/22/2019 22:15,69.56
1/22/2019 22:30,64.4
1/22/2019 22:45,63.31
1/22/2019 23:00,62.87
1/22/2019 23:15,61.19
1/22/2019 23:30,58.56
1/22/2019 23:45,57.18
1/23/2019 0:00,57.73
1/23/2019 0:15,57.42
1/23/2019 0:30,57.15
1/23/2019 0:45,57
1/23/2019 1:00,57.88
1/23/2019 1:15,58.51
1/23/2019 1:30,58.19
1/23/2019 1:45,58.99
1/23/2019 2:00,58.64
1/23/2019 2:15,58.41
1/23/2019 2:30,59.3
1/23/2019 2:45,59.26
1/23/2019 3:00,60.69
1/23/2019 3:15,66.91
1/23/2019 3:30,70.6
1/23/2019 3:45,74.31
1/23/2019 4:00,76.17
1/23/2019 4:15,75.64
1/23/2019 4:30,79.61
1/23/2019 4:45,86.05
1/23/2019 5:00,88.22
1/23/2019 5:15,92.83
1/23/2019 5:30,110.99
1/23/2019 5:45,172.96
1/23/2019 6:00,187.22
1/23/2019 6:15,162.21
1/23/2019 6:30,171.44
1/23/2019 6:45,194.05
1/23/2019 7:00,215.83
1/23/2019 7:15,225.81
1/23/2019 7:30,231.93
1/23/2019 7:45,241.13
1/23/2019 8:00,252.23
1/23/2019 8:15,260.79
1/23/2019 8:30,270.15
1/23/2019 8:45,275.93
1/23/2019 9:00,285.75
1/23/2019 9:15,290.99
1/23/2019 9:30,290.47
1/23/2019 9:45,287
1/23/2019 10:00,277.13
1/23/2019 10:15,290.93
1/23/2019 10:30,295.34
1/23/2019 10:45,287.21
1/23/2019 11:00,288.47
1/23/2019 11:15,287
1/23/2019 11:30,279.55
1/23/2019 11:45,271.23
1/23/2019 12:00,276.97
1/23/2019 12:15,276.77
1/23/2019 12:30,276.96
1/23/2019 12:45,274.61
1/23/2019 13:00,272
1/23/2019 13:15,269.54
1/23/2019 13:30,267.98
1/23/2019 13:45,270.73
1/23/2019 14:00,272.6
1/23/2019 14:15,265.04
1/23/2019 14:30,262.99
1/23/2019 14:45,268.06
1/23/2019 15:00,270.3
1/23/2019 15:15,273.28
1/23/2019 15:30,272.03
1/23/2019 15:45,268.89
1/23/2019 16:00,269.23
1/23/2019 16:15,270.5
1/23/2019 16:30,274.94
1/23/2019 16:45,271.08
1/23/2019 17:00,270.05
1/23/2019 17:15,267.6
1/23/2019 17:30,249.24
1/23/2019 17:45,215.02
1/23/2019 18:00,183.51
1/23/2019 18:15,168.62
1/23/2019 18:30,162.47
1/23/2019 18:45,156.84
1/23/2019 19:00,162.84
1/23/2019 19:15,200.04
1/23/2019 19:30,174.33
1/23/2019 19:45,148.4
1/23/2019 20:00,145.44
1/23/2019 20:15,142.02
1/23/2019 20:30,138.03
1/23/2019 20:45,138.92
1/23/2019 21:00,177.89
1/23/2019 21:15,164.99
1/23/2019 21:30,137.47
1/23/2019 21:45,118.65
1/23/2019 22:00,83.83
1/23/2019 22:15,65.03
1/23/2019 22:30,61.77
1/23/2019 22:45,61.51
1/23/2019 23:00,60.99
1/23/2019 23:15,57.88
1/23/2019 23:30,56.01
1/23/2019 23:45,55.74
1/24/2019 0:00,56.06
1/24/2019 0:15,55.56
1/24/2019 0:30,55.81
1/24/2019 0:45,55.77
1/24/2019 1:00,57.31
1/24/2019 1:15,56.82
1/24/2019 1:30,56.49
1/24/2019 1:45,56.43
1/24/2019 2:00,56.57
1/24/2019 2:15,56.6
1/24/2019 2:30,56.56
1/24/2019 2:45,56.41
1/24/2019 3:00,60.16
1/24/2019 3:15,64.2
1/24/2019 3:30,66.58
1/24/2019 3:45,69.9
1/24/2019 4:00,72.01
1/24/2019 4:15,72.63
1/24/2019 4:30,72.33
1/24/2019 4:45,78.88
1/24/2019 5:00,84.71
1/24/2019 5:15,88.67
1/24/2019 5:30,104.69
1/24/2019 5:45,173.39
1/24/2019 6:00,178.37
1/24/2019 6:15,139.7
1/24/2019 6:30,143.15
1/24/2019 6:45,170.82
1/24/2019 7:00,185.54
1/24/2019 7:15,193.41
1/24/2019 7:30,220.42
1/24/2019 7:45,240.34
1/24/2019 8:00,252.59
1/24/2019 8:15,265.44
1/24/2019 8:30,277.03
1/24/2019 8:45,290.56
1/24/2019 9:00,295.91
1/24/2019 9:15,292.36
1/24/2019 9:30,294.36
1/24/2019 9:45,291.43
1/24/2019 10:00,296.45
1/24/2019 10:15,296.14
1/24/2019 10:30,295.29
1/24/2019 10:45,295.33
1/24/2019 11:00,293.44
1/24/2019 11:15,293.41
1/24/2019 11:30,287.07
1/24/2019 11:45,280.49
1/24/2019 12:00,280.48
1/24/2019 12:15,285.97
1/24/2019 12:30,288.29
1/24/2019 12:45,289.68
1/24/2019 13:00,288.36
1/24/2019 13:15,286.21
1/24/2019 13:30,282.43
1/24/2019 13:45,279.77
1/24/2019 14:00,280.32
1/24/2019 14:15,284.36
1/24/2019 14:30,283.89
1/24/2019 14:45,275.62
1/24/2019 15:00,279.79
1/24/2019 15:15,278.83
1/24/2019 15:30,276.77
1/24/2019 15:45,278
1/24/2019 16:00,274.8
1/24/2019 16:15,272.19
1/24/2019 16:30,274.2
1/24/2019 16:45,272.79
1/24/2019 17:00,273.37
1/24/2019 17:15,271.47
1/24/2019 17:30,255.61
1/24/2019 17:45,227.89
1/24/2019 18:00,196.64
1/24/2019 18:15,179.33
1/24/2019 18:30,166.31
1/24/2019 18:45,155.53
1/24/2019 19:00,159.44
1/24/2019 19:15,194.36
1/24/2019 19:30,172.96
1/24/2019 19:45,144.86
1/24/2019 20:00,134.91
1/24/2019 20:15,130.01
1/24/2019 20:30,128.19
1/24/2019 20:45,128.08
1/24/2019 21:00,163.19
1/24/2019 21:15,157.78
1/24/2019 21:30,129.08
1/24/2019 21:45,119.69
1/24/2019 22:00,96.6
1/24/2019 22:15,69.49
1/24/2019 22:30,61.16
1/24/2019 22:45,60.64
1/24/2019 23:00,60.03
1/24/2019 23:15,60.16
1/24/2019 23:30,60.04
1/24/2019 23:45,55.65
1/25/2019 0:00,54.17
1/25/2019 0:15,53.64
1/25/2019 0:30,53.11
1/25/2019 0:45,52.87
1/25/2019 1:00,53.22
1/25/2019 1:15,53.89
1/25/2019 1:30,54.5
1/25/2019 1:45,54.66
1/25/2019 2:00,54.9
1/25/2019 2:15,54.18
1/25/2019 2:30,53.51
1/25/2019 2:45,53.8
1/25/2019 3:00,54.25
1/25/2019 3:15,54.67
1/25/2019 3:30,59.17
1/25/2019 3:45,61.89
1/25/2019 4:00,66.43
1/25/2019 4:15,70.21
1/25/2019 4:30,70.65
1/25/2019 4:45,70.93
1/25/2019 5:00,76.53
1/25/2019 5:15,87.76
1/25/2019 5:30,106.59
1/25/2019 5:45,181.29
1/25/2019 6:00,183.47
1/25/2019 6:15,150.66
1/25/2019 6:30,163.32
1/25/2019 6:45,187.59
1/25/2019 7:00,207.31
1/25/2019 7:15,219.74
1/25/2019 7:30,237.26
1/25/2019 7:45,236.95
1/25/2019 8:00,239.02
1/25/2019 8:15,256.28
1/25/2019 8:30,273.65
1/25/2019 8:45,278.5
1/25/2019 9:00,289.71
1/25/2019 9:15,290.54
1/25/2019 9:30,289.54
1/25/2019 9:45,282.93
1/25/2019 10:00,281.44
1/25/2019 10:15,278.79
1/25/2019 10:30,281.84
1/25/2019 10:45,288.73
1/25/2019 11:00,291.52
1/25/2019 11:15,282.8
1/25/2019 11:30,274.26
1/25/2019 11:45,276.73
1/25/2019 12:00,281.55
1/25/2019 12:15,279.21
1/25/2019 12:30,282.48
1/25/2019 12:45,283.41
1/25/2019 13:00,281.62
1/25/2019 13:15,275.68
1/25/2019 13:30,271.9
1/25/2019 13:45,272.45
1/25/2019 14:00,273.78
1/25/2019 14:15,275.18
1/25/2019 14:30,275.66
1/25/2019 14:45,269.63
1/25/2019 15:00,267.32
1/25/2019 15:15,268.86
1/25/2019 15:30,268.81
1/25/2019 15:45,270.6
1/25/2019 16:00,269.96
1/25/2019 16:15,263.49
1/25/2019 16:30,257.55
1/25/2019 16:45,249.88
1/25/2019 17:00,244.9
1/25/2019 17:15,240.15
1/25/2019 17:30,225.54
1/25/2019 17:45,201.86
1/25/2019 18:00,182.71
1/25/2019 18:15,171.34
1/25/2019 18:30,165.09
1/25/2019 18:45,157.28
1/25/2019 19:00,199.07
1/25/2019 19:15,184.57
1/25/2019 19:30,146.56
1/25/2019 19:45,134.34
1/25/2019 20:00,133.41
1/25/2019 20:15,131.82
1/25/2019 20:30,124.01
1/25/2019 20:45,127.67
1/25/2019 21:00,161.86
1/25/2019 21:15,140.03
1/25/2019 21:30,105.99
1/25/2019 21:45,89.88
1/25/2019 22:00,75.21
1/25/2019 22:15,65.52
1/25/2019 22:30,62.25
1/25/2019 22:45,61.96
1/25/2019 23:00,62.54
1/25/2019 23:15,62.88
1/25/2019 23:30,62.81
1/25/2019 23:45,61.24
1/26/2019 0:00,58.72
1/26/2019 0:15,57.39
1/26/2019 0:30,57.25
1/26/2019 0:45,56.69
1/26/2019 1:00,57.01
1/26/2019 1:15,56.99
1/26/2019 1:30,56.5
1/26/2019 1:45,54.82
1/26/2019 2:00,55.63
1/26/2019 2:15,56.69
1/26/2019 2:30,55.75
1/26/2019 2:45,54.46
1/26/2019 3:00,55.14
1/26/2019 3:15,56.43
1/26/2019 3:30,55.69
1/26/2019 3:45,55.32
1/26/2019 4:00,55.7
1/26/2019 4:15,55.34
1/26/2019 4:30,55.32
1/26/2019 4:45,55.4
1/26/2019 5:00,55.39
1/26/2019 5:15,55.76
1/26/2019 5:30,55.43
1/26/2019 5:45,55.56
1/26/2019 6:00,55.78
1/26/2019 6:15,54.79
1/26/2019 6:30,56.8
1/26/2019 6:45,58.77
1/26/2019 7:00,59.58
1/26/2019 7:15,60.33
1/26/2019 7:30,59.77
1/26/2019 7:45,59.53
1/26/2019 8:00,59.99
1/26/2019 8:15,58.85
1/26/2019 8:30,60.06
1/26/2019 8:45,60.25
1/26/2019 9:00,59.28
1/26/2019 9:15,59.75
1/26/2019 9:30,59.88
1/26/2019 9:45,59.83
1/26/2019 10:00,59.26
1/26/2019 10:15,60.04
1/26/2019 10:30,60.01
1/26/2019 10:45,59.33
1/26/2019 11:00,59.25
1/26/2019 11:15,59.29
1/26/2019 11:30,59.84
1/26/2019 11:45,59.46
1/26/2019 12:00,59.19
1/26/2019 12:15,59.34
1/26/2019 12:30,59.53
1/26/2019 12:45,59.61
1/26/2019 13:00,59.66
1/26/2019 13:15,59.83
1/26/2019 13:30,59.7
1/26/2019 13:45,59.74
1/26/2019 14:00,59.71
1/26/2019 14:15,59.23
1/26/2019 14:30,59.85
1/26/2019 14:45,59.15
1/26/2019 15:00,59.42
1/26/2019 15:15,59.31
1/26/2019 15:30,59.02
1/26/2019 15:45,59.63
1/26/2019 16:00,59.61
1/26/2019 16:15,58.91
1/26/2019 16:30,58.67
1/26/2019 16:45,59.42
1/26/2019 17:00,60.06
1/26/2019 17:15,59.63
1/26/2019 17:30,59.33
1/26/2019 17:45,60.18
1/26/2019 18:00,60.36
1/26/2019 18:15,60.17
1/26/2019 18:30,59.14
1/26/2019 18:45,59.59
1/26/2019 19:00,59.93
1/26/2019 19:15,59.75
1/26/2019 19:30,58.68
1/26/2019 19:45,56.85
1/26/2019 20:00,55.79
1/26/2019 20:15,55.69
1/26/2019 20:30,55.2
1/26/2019 20:45,55.5
1/26/2019 21:00,56.27
1/26/2019 21:15,55.79
1/26/2019 21:30,54.96
1/26/2019 21:45,54.81
1/26/2019 22:00,55.4
1/26/2019 22:15,55.33
1/26/2019 22:30,54.8
1/26/2019 22:45,54.73
1/26/2019 23:00,55.02
1/26/2019 23:15,55.11
1/26/2019 23:30,54.81
1/26/2019 23:45,55.88
1/27/2019 0:00,56.39
1/27/2019 0:15,55.57
1/27/2019 0:30,54.63
1/27/2019 0:45,55.18
1/27/2019 1:00,55.05
1/27/2019 1:15,55.4
1/27/2019 1:30,55.09
1/27/2019 1:45,55.27
1/27/2019 2:00,55.9
1/27/2019 2:15,55.85
1/27/2019 2:30,55.65
1/27/2019 2:45,55.66
1/27/2019 3:00,55.59
1/27/2019 3:15,55.15
1/27/2019 3:30,55.88
1/27/2019 3:45,54.85
1/27/2019 4:00,54.99
1/27/2019 4:15,55.58
1/27/2019 4:30,55.55
1/27/2019 4:45,54.8
1/27/2019 5:00,54.88
1/27/2019 5:15,54.85
1/27/2019 5:30,55.38
1/27/2019 5:45,55.26
1/27/2019 6:00,55.2
1/27/2019 6:15,55
1/27/2019 6:30,56.44
1/27/2019 6:45,58.58
1/27/2019 7:00,59.18
1/27/2019 7:15,59.82
1/27/2019 7:30,59.26
1/27/2019 7:45,59.4
1/27/2019 8:00,59.54
1/27/2019 8:15,59.94
1/27/2019 8:30,58.99
1/27/2019 8:45,59.31
1/27/2019 9:00,60.11
1/27/2019 9:15,59.21
1/27/2019 9:30,59.08
1/27/2019 9:45,59.36
1/27/2019 10:00,59.54
1/27/2019 10:15,59.22
1/27/2019 10:30,59
1/27/2019 10:45,59.56
1/27/2019 11:00,59.78
1/27/2019 11:15,58.94
1/27/2019 11:30,59.11
1/27/2019 11:45,59.02
1/27/2019 12:00,59.47
1/27/2019 12:15,59.33
1/27/2019 12:30,59.04
1/27/2019 12:45,58.88
1/27/2019 13:00,59.2
1/27/2019 13:15,59.22
1/27/2019 13:30,58.76
1/27/2019 13:45,59.47
1/27/2019 14:00,59.61
1/27/2019 14:15,59.79
1/27/2019 14:30,59.37
1/27/2019 14:45,59.77
1/27/2019 15:00,59.93
1/27/2019 15:15,58.79
1/27/2019 15:30,57.83
1/27/2019 15:45,58.83
1/27/2019 16:00,59.53
1/27/2019 16:15,59.64
1/27/2019 16:30,62.92
1/27/2019 16:45,65.21
1/27/2019 17:00,66.25
1/27/2019 17:15,66.55
1/27/2019 17:30,66.84
1/27/2019 17:45,67.16
1/27/2019 18:00,83.64
1/27/2019 18:15,105.89
1/27/2019 18:30,83.08
1/27/2019 18:45,67.83
1/27/2019 19:00,68.57
1/27/2019 19:15,68.13
1/27/2019 19:30,68.51
1/27/2019 19:45,67.1
1/27/2019 20:00,65.59
1/27/2019 20:15,65.1
1/27/2019 20:30,64.87
1/27/2019 20:45,64.83
1/27/2019 21:00,64.86
1/27/2019 21:15,65.08
1/27/2019 21:30,64.64
1/27/2019 21:45,64.36
1/27/2019 22:00,65.03
1/27/2019 22:15,64.52
1/27/2019 22:30,64.34
1/27/2019 22:45,64.28
1/27/2019 23:00,65.03
1/27/2019 23:15,64.93
1/27/2019 23:30,64.88
1/27/2019 23:45,95.33
1/28/2019 0:00,117.32
1/28/2019 0:15,98.75
1/28/2019 0:30,76.61
1/28/2019 0:45,69.79
1/28/2019 1:00,69.09
1/28/2019 1:15,96.92
1/28/2019 1:30,125.42
1/28/2019 1:45,96.2
1/28/2019 2:00,78
1/28/2019 2:15,80.43
1/28/2019 2:30,91.33
1/28/2019 2:45,171.2
1/28/2019 3:00,160.12
1/28/2019 3:15,113.28
1/28/2019 3:30,104.73
1/28/2019 3:45,113.4
1/28/2019 4:00,125.9
1/28/2019 4:15,125.3
1/28/2019 4:30,119.86
1/28/2019 4:45,119.57
1/28/2019 5:00,128.93
1/28/2019 5:15,138.75
1/28/2019 5:30,138.23
1/28/2019 5:45,136.3
1/28/2019 6:00,136.28
1/28/2019 6:15,142.94
1/28/2019 6:30,159.07
1/28/2019 6:45,181.4
1/28/2019 7:00,191.21
1/28/2019 7:15,195.59
1/28/2019 7:30,210.15
1/28/2019 7:45,218.83
1/28/2019 8:00,229.99
1/28/2019 8:15,250.15
1/28/2019 8:30,264.45
1/28/2019 8:45,277.52
1/28/2019 9:00,290.86
1/28/2019 9:15,298.53
1/28/2019 9:30,301.64
1/28/2019 9:45,302.19
1/28/2019 10:00,299.7
1/28/2019 10:15,298.06
1/28/2019 10:30,298.78
1/28/2019 10:45,299.43
1/28/2019 11:00,296.06
1/28/2019 11:15,290.36
1/28/2019 11:30,286.19
1/28/2019 11:45,283.39
1/28/2019 12:00,291.55
1/28/2019 12:15,286.43
1/28/2019 12:30,284.06
1/28/2019 12:45,284.29
1/28/2019 13:00,275.72
1/28/2019 13:15,270.08
1/28/2019 13:30,263.88
1/28/2019 13:45,264.65
1/28/2019 14:00,262.9
1/28/2019 14:15,260.62
1/28/2019 14:30,259.51
1/28/2019 14:45,264.51
1/28/2019 15:00,267.05
1/28/2019 15:15,262.74
1/28/2019 15:30,260.23
1/28/2019 15:45,263.78
1/28/2019 16:00,266.86
1/28/2019 16:15,263.91
1/28/2019 16:30,261.94
1/28/2019 16:45,262.38
1/28/2019 17:00,260.28
1/28/2019 17:15,259.08
1/28/2019 17:30,244.64
1/28/2019 17:45,221.02
1/28/2019 18:00,193.22
1/28/2019 18:15,177.22
1/28/2019 18:30,171
1/28/2019 18:45,168.01
1/28/2019 19:00,202.43
1/28/2019 19:15,182.21
1/28/2019 19:30,151.28
1/28/2019 19:45,143.6
1/28/2019 20:00,138.79
1/28/2019 20:15,132.22
1/28/2019 20:30,127.47
1/28/2019 20:45,164.88
1/28/2019 21:00,159.18
1/28/2019 21:15,127.71
1/28/2019 21:30,119.1
1/28/2019 21:45,118.7
1/28/2019 22:00,105.2
1/28/2019 22:15,75.25
1/28/2019 22:30,58.32
1/28/2019 22:45,56.15
1/28/2019 23:00,55.45
1/28/2019 23:15,52.22
1/28/2019 23:30,50.42
1/28/2019 23:45,50.29
1/29/2019 0:00,50.72
1/29/2019 0:15,50.51
1/29/2019 0:30,50.72
1/29/2019 0:45,51.64
1/29/2019 1:00,51.61
1/29/2019 1:15,50.81
1/29/2019 1:30,51.11
1/29/2019 1:45,51.03
1/29/2019 2:00,50.43
1/29/2019 2:15,50.86
1/29/2019 2:30,51.11
1/29/2019 2:45,50.88
1/29/2019 3:00,50.85
1/29/2019 3:15,51.17
1/29/2019 3:30,55.93
1/29/2019 3:45,60.51
1/29/2019 4:00,62.2
1/29/2019 4:15,64.35
1/29/2019 4:30,67.09
1/29/2019 4:45,67.32
1/29/2019 5:00,68.37
1/29/2019 5:15,76.87
1/29/2019 5:30,100.3
1/29/2019 5:45,175.92
1/29/2019 6:00,168.14
1/29/2019 6:15,132.99
1/29/2019 6:30,148.67
1/29/2019 6:45,181.59
1/29/2019 7:00,202.59
1/29/2019 7:15,215.77
1/29/2019 7:30,230.06
1/29/2019 7:45,248.68
1/29/2019 8:00,261.07
1/29/2019 8:15,273.5
1/29/2019 8:30,280.26
1/29/2019 8:45,289.19
1/29/2019 9:00,296.28
1/29/2019 9:15,297.29
1/29/2019 9:30,295.16
1/29/2019 9:45,294.71
1/29/2019 10:00,293.45
1/29/2019 10:15,282.78
1/29/2019 10:30,280.45
1/29/2019 10:45,285.25
1/29/2019 11:00,293.98
1/29/2019 11:15,290.21
1/29/2019 11:30,287.59
1/29/2019 11:45,284.94
1/29/2019 12:00,288.14
1/29/2019 12:15,284.36
1/29/2019 12:30,282.75
1/29/2019 12:45,276.78
1/29/2019 13:00,276.35
1/29/2019 13:15,278.36
1/29/2019 13:30,274.75
1/29/2019 13:45,268.84
1/29/2019 14:00,273.33
1/29/2019 14:15,268.86
1/29/2019 14:30,268.34
1/29/2019 14:45,265.21
1/29/2019 15:00,263.35
1/29/2019 15:15,263.97
1/29/2019 15:30,268.1
1/29/2019 15:45,264.75
1/29/2019 16:00,267.69
1/29/2019 16:15,267.22
1/29/2019 16:30,265.59
1/29/2019 16:45,265.62
1/29/2019 17:00,263.68
1/29/2019 17:15,264.23
1/29/2019 17:30,246.67
1/29/2019 17:45,214.69
1/29/2019 18:00,177.9
1/29/2019 18:15,163.16
1/29/2019 18:30,161.78
1/29/2019 18:45,160.01
1/29/2019 19:00,196.73
1/29/2019 19:15,183.09
1/29/2019 19:30,146.42
1/29/2019 19:45,131.99
1/29/2019 20:00,128.28
1/29/2019 20:15,124.99
1/29/2019 20:30,122.72
1/29/2019 20:45,122.88
1/29/2019 21:00,159.45
1/29/2019 21:15,144.35
1/29/2019 21:30,122.42
1/29/2019 21:45,113.08
1/29/2019 22:00,87.17
1/29/2019 22:15,64.96
1/29/2019 22:30,58.69
1/29/2019 22:45,58.38
1/29/2019 23:00,57.77
1/29/2019 23:15,55.14
1/29/2019 23:30,54.68
1/29/2019 23:45,54.77
1/30/2019 0:00,54.28
1/30/2019 0:15,53.91
1/30/2019 0:30,54.29
1/30/2019 0:45,54.1
1/30/2019 1:00,54.17
1/30/2019 1:15,54.39
1/30/2019 1:30,54.5
1/30/2019 1:45,54.87
1/30/2019 2:00,55.44
1/30/2019 2:15,55.26
1/30/2019 2:30,55.32
1/30/2019 2:45,55.4
1/30/2019 3:00,55.4
1/30/2019 3:15,55.83
1/30/2019 3:30,61.97
1/30/2019 3:45,66.24
1/30/2019 4:00,67.98
1/30/2019 4:15,71.3
1/30/2019 4:30,73.65
1/30/2019 4:45,73.77
1/30/2019 5:00,75.46
1/30/2019 5:15,83.27
1/30/2019 5:30,104.5
1/30/2019 5:45,166.09
1/30/2019 6:00,160.56
1/30/2019 6:15,132.47
1/30/2019 6:30,144.09
1/30/2019 6:45,166.38
1/30/2019 7:00,182.67
1/30/2019 7:15,196.18
1/30/2019 7:30,208.17
1/30/2019 7:45,223.4
1/30/2019 8:00,246.21
1/30/2019 8:15,263.55
1/30/2019 8:30,279.87
1/30/2019 8:45,286.84
1/30/2019 9:00,286.44
1/30/2019 9:15,289.94
1/30/2019 9:30,285.24
1/30/2019 9:45,281.42
1/30/2019 10:00,280.23
1/30/2019 10:15,285.14
1/30/2019 10:30,291.38
1/30/2019 10:45,286.26
1/30/2019 11:00,284.55
1/30/2019 11:15,278.96
1/30/2019 11:30,272.8
1/30/2019 11:45,272.75
1/30/2019 12:00,276.25
1/30/2019 12:15,276.01
1/30/2019 12:30,279.99
1/30/2019 12:45,284.94
1/30/2019 13:00,285.62
1/30/2019 13:15,282.34
1/30/2019 13:30,278.59
1/30/2019 13:45,276.41
1/30/2019 14:00,276.66
1/30/2019 14:15,271.1
1/30/2019 14:30,269.13
1/30/2019 14:45,271.82
1/30/2019 15:00,273.03
1/30/2019 15:15,276.23
1/30/2019 15:30,272.86
1/30/2019 15:45,269.35
1/30/2019 16:00,264.98
1/30/2019 16:15,267.89
1/30/2019 16:30,266.3
1/30/2019 16:45,263.65
1/30/2019 17:00,263.44
1/30/2019 17:15,263.32
1/30/2019 17:30,243.45
1/30/2019 17:45,215.46
1/30/2019 18:00,187.25
1/30/2019 18:15,172.87
1/30/2019 18:30,169.77
1/30/2019 18:45,169.92
1/30/2019 19:00,193.78
1/30/2019 19:15,206.33
1/30/2019 19:30,178.2
1/30/2019 19:45,161.53
1/30/2019 20:00,154.1
1/30/2019 20:15,148.43
1/30/2019 20:30,150.94
1/30/2019 20:45,193.26
1/30/2019 21:00,175.27
1/30/2019 21:15,144.26
1/30/2019 21:30,138.59
1/30/2019 21:45,138.9
1/30/2019 22:00,117.29
1/30/2019 22:15,85.21
1/30/2019 22:30,73.21
1/30/2019 22:45,72.45
1/30/2019 23:00,66.18
1/30/2019 23:15,56.47
1/30/2019 23:30,53.72
1/30/2019 23:45,53.28
1/31/2019 0:00,52.96
1/31/2019 0:15,53.44
1/31/2019 0:30,53.66
1/31/2019 0:45,53.41
1/31/2019 1:00,52.89
1/31/2019 1:15,52.74
1/31/2019 1:30,53.34
1/31/2019 1:45,53.55
1/31/2019 2:00,53.28
1/31/2019 2:15,54.01
1/31/2019 2:30,53.74
1/31/2019 2:45,53.45
1/31/2019 3:00,55.9
1/31/2019 3:15,57.77
1/31/2019 3:30,62.99
1/31/2019 3:45,68.91
1/31/2019 4:00,70.59
1/31/2019 4:15,70.71
1/31/2019 4:30,73.36
1/31/2019 4:45,80.88
1/31/2019 5:00,83.47
1/31/2019 5:15,84.76
1/31/2019 5:30,102.68
1/31/2019 5:45,178.13
1/31/2019 6:00,181.78
1/31/2019 6:15,144.14
1/31/2019 6:30,161.67
1/31/2019 6:45,193.62
1/31/2019 7:00,212.67
1/31/2019 7:15,223.35
1/31/2019 7:30,239.55
1/31/2019 7:45,247.9
1/31/2019 8:00,256.48
1/31/2019 8:15,267.47
1/31/2019 8:30,275.99
1/31/2019 8:45,292.62
1/31/2019 9:00,300.42
1/31/2019 9:15,299.45
1/31/2019 9:30,291.44
1/31/2019 9:45,294.44
1/31/2019 10:00,302.3
1/31/2019 10:15,296.92
1/31/2019 10:30,297.38
1/31/2019 10:45,300.49
1/31/2019 11:00,295.52
1/31/2019 11:15,289.84
1/31/2019 11:30,281.65
1/31/2019 11:45,286.01
1/31/2019 12:00,296.77
1/31/2019 12:15,295.5
1/31/2019 12:30,296.67
1/31/2019 12:45,287.88
1/31/2019 13:00,283.96
1/31/2019 13:15,281.63
1/31/2019 13:30,283.45
1/31/2019 13:45,284.79
1/31/2019 14:00,283.7
1/31/2019 14:15,281.43
1/31/2019 14:30,275.54
1/31/2019 14:45,275.23
1/31/2019 15:00,280.83
1/31/2019 15:15,285.76
1/31/2019 15:30,280.97
1/31/2019 15:45,275.2
1/31/2019 16:00,274.67
1/31/2019 16:15,268.9
1/31/2019 16:30,269.74
1/31/2019 16:45,272.21
1/31/2019 17:00,267.2
1/31/2019 17:15,262.34
1/31/2019 17:30,249.66
1/31/2019 17:45,215.24
1/31/2019 18:00,182.48
1/31/2019 18:15,169.62
1/31/2019 18:30,165.69
1/31/2019 18:45,161.6
1/31/2019 19:00,167.42
1/31/2019 19:15,200.04
1/31/2019 19:30,167.06
1/31/2019 19:45,137.83
1/31/2019 20:00,133.82
1/31/2019 20:15,131.18
1/31/2019 20:30,129.98
1/31/2019 20:45,151.13
1/31/2019 21:00,165.07
1/31/2019 21:15,138.13
1/31/2019 21:30,122.45
1/31/2019 21:45,119.06
1/31/2019 22:00,92.49
1/31/2019 22:15,68.12
1/31/2019 22:30,61.98
1/31/2019 22:45,61.3
1/31/2019 23:00,59.38
1/31/2019 23:15,55.7
1/31/2019 23:30,54.34
1/31/2019 23:45,54.36
